"Titulo","Slug","Servicio","Categoría","Excerpt corto","Descricpión amplia","Porque es crucial para tu empresa","Que incluye","Nuestro Proceso","Paso 1 proceso","Paso 2 proceso","Paso 3 proceso","Paso 4 proceso","URL de WhatsApp","Titulo de seo","Meta descripcion de SEO","Imagen Servicio","Aparece en página","ID","Created Date","Updated Date","Owner"
,,"Convenios laborales","Contratos y Prevención Laboral","Formaliza acuerdos laborales con seguridad jurídica y reduce riesgos de conflictos futuros para tu empresa.","Un acuerdo verbal o mal documentado puede generar conflictos, reclamaciones o demandas laborales. Un convenio correctamente elaborado permite establecer compromisos claros, documentar acuerdos importantes y brindar seguridad jurídica a la empresa frente a posibles controversias futuras.","Un acuerdo verbal o mal documentado puede generar conflictos, reclamaciones o demandas laborales. Un convenio correctamente elaborado permite establecer compromisos claros, documentar acuerdos importantes y brindar seguridad jurídica a la empresa frente a posibles controversias futuras.","<p class=""font_8"">✔️ Elaboración de convenios laborales personalizados.</p>
<p class=""font_8"">✔️ Convenios de terminación laboral por mutuo acuerdo.</p>
<p class=""font_8"">✔️ Convenios modificatorios de condiciones de trabajo.</p>
<p class=""font_8"">✔️ Revisión jurídica de acuerdos y obligaciones pactadas.</p>
<p class=""font_8"">✔️ Asesoría sobre ratificación ante el Centro de Conciliación Laboral cuando corresponda.</p>","Metodología preventiva enfocada en formalizar acuerdos laborales de manera segura y documentada.","<p class=""font_8""><strong>Análisis del Acuerdo</strong></p>
<p class=""font_8""><br></p>
<p class=""font_8"">Revisamos las condiciones, necesidades y objetivos de las partes involucradas.</p>","<p class=""font_8""><strong>Estructuración Jurídica</strong></p>
<p class=""font_8""><br></p>
<p class=""font_8"">Elaboramos el convenio incorporando cláusulas claras y alineadas con la legislación laboral vigente.</p>","<p class=""font_8""><strong>Validación y Formalización</strong></p>
<p class=""font_8""><br></p>
<p class=""font_8"">Revisamos el contenido con el cliente y brindamos acompañamiento para la firma o ratificación correspondiente.</p>","<p class=""font_8""><strong>Resguardo y Seguimiento</strong></p>
<p class=""font_8""><br></p>
<p class=""font_8"">Proporcionamos recomendaciones para la correcta conservación documental y futuras actualizaciones si fueran necesarias.</p>","https://wa.me/525537408757?text=SWS-Hola%20quisiera%20m%C3%A1s%20informaci%C3%B3n%20de%20su%20servicio%20Convenios%20laborales",,,"wix:image://v1/45119e_648217e4ae69413b87ff45b5d8e6979f~mv2.jpg/Convenios%20laborales.jpg#originWidth=1500&originHeight=1000",,"04cb9ef9-af60-42c0-a017-36d66547af68",2026-06-09T05:14:56Z,2026-06-09T23:19:20Z,"45119e62-fb47-42df-8e3f-62a36597ee45"
,,"Integración de expedientes laborales","Contratos y Prevención Laboral","Organiza, protege y fortalece la evidencia laboral de tu empresa mediante expedientes completos y correctamente integrados.","La integración adecuada de expedientes laborales permite documentar correctamente la relación de trabajo y reducir riesgos ante demandas, inspecciones o auditorías. En Despacho Laboral Solórzano Cerezo te ayudamos a estructurar expedientes completos y alineados con la normativa laboral vigente.","Un expediente laboral incompleto puede debilitar la defensa de la empresa ante una demanda o inspección. Contar con documentación organizada, actualizada y correctamente resguardada permite acreditar el cumplimiento de obligaciones laborales y fortalecer la seguridad jurídica patronal.","<p class=""font_8"">✔️ Revisión e integración de documentación laboral obligatoria.</p>
<p class=""font_8"">✔️ Validación de contratos, identificaciones y documentos de ingreso.</p>
<p class=""font_8"">✔️ Organización física o digital de expedientes laborales.</p>
<p class=""font_8"">✔️ Identificación de documentos faltantes o riesgos documentales.</p>
<p class=""font_8"">✔️ Recomendaciones para actualización y resguardo de información.</p>","Metodología preventiva enfocada en fortalecer la evidencia documental de la empresa.","<p class=""font_8""><strong>Diagnóstico Documental</strong></p>
<p class=""font_8""><br></p>
<p class=""font_8"">Analizamos el estado actual de los expedientes laborales para detectar omisiones o riesgos.</p>","<p class=""font_8""><strong>Validación de Información</strong></p>
<p class=""font_8""><br></p>
<p class=""font_8"">Revisamos la documentación existente y verificamos el cumplimiento de requisitos legales.</p>","<p class=""font_8""><strong>Integración Estratégica</strong></p>
<p class=""font_8""><br></p>
<p class=""font_8"">Organizamos y estructuramos los expedientes conforme a mejores prácticas laborales y de cumplimiento.</p>","<p class=""font_8""><strong>Control y Seguimiento</strong></p>
<p class=""font_8""><br></p>
<p class=""font_8"">Brindamos recomendaciones para mantener los expedientes actualizados y preparados ante cualquier revisión o conflicto.</p>","https://wa.me/525537408757?text=SWS-Hola%20quisiera%20m%C3%A1s%20informaci%C3%B3n%20de%20su%20servicio%20Integraci%C3%B3n%20de%20expedientes%20laborales",,,"wix:image://v1/45119e_9ee852fe8d534c92a4e40f7af64ebb35~mv2.jpg/Integraci%C3%B3n%20de%20expedientes%20laborales.jpg#originWidth=1500&originHeight=1000",,"0879eea0-614e-4306-875f-7c447c740c7e",2026-06-09T05:14:56Z,2026-06-09T23:18:22Z,"45119e62-fb47-42df-8e3f-62a36597ee45"
"Acompañamiento en inspecciones de la STPS",,"Acompañamiento en inspecciones de la STPS","Inspecciones y Cumplimiento Laboral","Prepárate para inspecciones laborales con respaldo legal y reduce riesgos de multas, observaciones o sanciones.","Las inspecciones de la Secretaría del Trabajo y Previsión Social (STPS) pueden representar riesgos importantes para las empresas que no cuentan con documentación o procesos adecuados. En Despacho Laboral Solórzano Cerezo brindamos acompañamiento especializado antes, durante y después de una inspección laboral.","Una inspección de la STPS puede derivar en multas, requerimientos o procedimientos administrativos si la empresa no acredita el cumplimiento de sus obligaciones laborales. Contar con acompañamiento especializado permite preparar la documentación necesaria, atender adecuadamente a la autoridad y reducir riesgos de sanción.","<p class=""font_8"">✔️ Revisión preventiva de documentación laboral.</p>
<p class=""font_8"">✔️ Acompañamiento durante visitas de inspección de la STPS.</p>
<p class=""font_8"">✔️ Atención de requerimientos y observaciones de la autoridad.</p>
<p class=""font_8"">✔️ Evaluación de riesgos de incumplimiento laboral.</p>
<p class=""font_8"">✔️ Recomendaciones y plan de acción para corregir hallazgos.</p>","Metodología preventiva orientada a fortalecer el cumplimiento laboral y reducir riesgos ante la autoridad.","<p class=""font_8""><strong>Diagnóstico de Cumplimiento</strong></p>
<p class=""font_8""><br></p>
<p class=""font_8"">Analizamos contratos, expedientes, comisiones mixtas, reglamentos y demás documentación laboral requerida.</p>","<p class=""font_8""><strong>Preparación de la Inspección</strong></p>
<p class=""font_8""><br></p>
<p class=""font_8"">Identificamos riesgos potenciales y fortalecemos la documentación necesaria para atender la visita</p>","<p class=""font_8""><strong>Acompañamiento y Atención</strong></p>
<p class=""font_8""><br></p>
<p class=""font_8"">Asistimos a la empresa durante la inspección y brindamos apoyo en la interacción con la autoridad.</p>","<p class=""font_8""><strong>Seguimiento y Corrección</strong></p>
<p class=""font_8""><br></p>
<p class=""font_8"">Atendemos observaciones, requerimientos y recomendaciones para fortalecer el cumplimiento laboral de la organización.</p>","https://wa.me/525537408757?text=SWS-Hola%20quisiera%20m%C3%A1s%20informaci%C3%B3n%20de%20su%20servicio%20Acompa%C3%B1amiento%20en%20inspecciones%20de%20la%20STPS",,,"wix:image://v1/45119e_8e4ee5c425e94b9a88c0333380143a6b~mv2.jpg/Acompa%C3%B1amiento%20en%20inspecciones%20de%20la%20STPS.jpg#originWidth=1500&originHeight=1001","SI","0adecdb6-fefe-4fb8-a968-a8985a47928c",2026-06-09T05:14:56Z,2026-06-10T18:41:21Z,"45119e62-fb47-42df-8e3f-62a36597ee45"
"Contratos por periodo de prueba",,"Contratos por periodo de prueba","Contratos y Prevención Laboral","Implementa periodos de prueba legales que te permitan evaluar talento sin comprometer la seguridad jurídica de tu empresa.","Contrata con mayor seguridad mediante contratos con periodo de prueba correctamente estructurados. En Despacho Laboral Solórzano Cerezo te ayudamos a implementar este esquema conforme a la Ley Federal del Trabajo para evaluar desempeño y reducir riesgos de contratación.","Muchas empresas aplican periodos de prueba de manera incorrecta, generando riesgos laborales y posibles demandas. Un contrato bien elaborado te permite evaluar habilidades, desempeño y adaptación del trabajador dentro del marco legal, protegiendo los intereses de la empresa.","<p class=""font_8"">✔️ Elaboración de contratos con periodo de prueba conforme a la LFT.</p>
<p class=""font_8"">✔️ Definición de objetivos y criterios de evaluación.</p>
<p class=""font_8"">✔️ Redacción de cláusulas específicas para el periodo de prueba.</p>
<p class=""font_8"">✔️ Asesoría sobre plazos y requisitos legales aplicables.</p>
<p class=""font_8"">✔️ Revisión preventiva para evitar nulidades o contingencias laborales.</p>","Metodología preventiva orientada a proteger la relación laboral desde el primer día.","<p class=""font_8""><strong>Análisis del Puesto</strong></p>
<p class=""font_8""><br></p>
<p class=""font_8"">Evaluamos las funciones, responsabilidades y perfil requerido para determinar la viabilidad legal del periodo de prueba.</p>","<p class=""font_8""><strong>Diseño Contractual</strong></p>
<p class=""font_8""><br></p>
<p class=""font_8"">Elaboramos el contrato incorporando las cláusulas y condiciones necesarias para una evaluación legalmente válida</p>","<p class=""font_8""><strong>Implementación y Seguimiento</strong></p>
<p class=""font_8""><br></p>
<p class=""font_8"">Te orientamos sobre la correcta aplicación del periodo de prueba y la documentación de resultados.</p>","<p class=""font_8""><strong>Cierre y Formalización</strong></p>
<p class=""font_8""><br></p>
<p class=""font_8"">Asesoramos la continuidad de la relación laboral o la terminación conforme a los resultados obtenidos y la legislación vigente.</p>","https://wa.me/525537408757?text=SWS-Hola%20quisiera%20m%C3%A1s%20informaci%C3%B3n%20de%20su%20servicio%20Contratos%20por%20periodo%20de%20prueba",,,"wix:image://v1/45119e_85c8953a504a45808020637d53e518a7~mv2.jpg/Contratos%20por%20periodo%20de%20prueba.jpg#originWidth=1500&originHeight=1001","SI","0ef7d6d1-1cf2-492f-823a-284233ca7698",2026-06-09T05:14:56Z,2026-06-09T23:15:56Z,"45119e62-fb47-42df-8e3f-62a36597ee45"
"Contestación de demandas laborales",,"Contestación de demandas laborales","Demandas y Relaciones Laborales","Construye una defensa sólida desde el inicio mediante una contestación estratégica y documentada de la demanda laboral.","La contestación de una demanda laboral es una de las etapas más importantes del procedimiento. En Despacho Laboral Solórzano Cerezo analizamos cada caso para elaborar una respuesta jurídica sólida, proteger los intereses de la empresa y fortalecer su posición durante todo el proceso laboral.","Una contestación incompleta, tardía o mal estructurada puede limitar la defensa de la empresa durante todo el juicio. Una estrategia adecuada desde el inicio permite presentar argumentos sólidos, ofrecer pruebas oportunamente y reducir riesgos económicos y legales derivados del procedimiento.","<p class=""font_8"">✔️ Análisis integral de la demanda laboral y sus pretensiones.</p>
<p class=""font_8"">✔️ Elaboración de la contestación conforme a la legislación aplicable.</p>
<p class=""font_8"">✔️ Diseño de estrategia jurídica y probatoria.</p>
<p class=""font_8"">✔️ Integración y revisión de documentos y evidencia laboral.</p>
<p class=""font_8"">✔️ Seguimiento de plazos procesales y actuaciones posteriores.</p>","Metodología estratégica orientada a construir una defensa laboral sólida desde la primera actuación.","<p class=""font_8""><strong>Análisis del Expediente</strong></p>
<p class=""font_8""><br></p>
<p class=""font_8"">Revisamos la demanda, documentación disponible y antecedentes de la relación laboral.</p>","<p class=""font_8""><strong>Diseño de Defensa</strong></p>
<p class=""font_8""><br></p>
<p class=""font_8"">Definimos la estrategia jurídica y probatoria más adecuada para proteger los intereses de la empresa.</p>","<p class=""font_8""><strong>Elaboración de Contestación</strong></p>
<p class=""font_8""><br></p>
<p class=""font_8"">Redactamos y presentamos la contestación de la demanda dentro de los plazos legales correspondientes.</p>","<p class=""font_8""><strong>Seguimiento del Procedimiento</strong></p>
<p class=""font_8""><br></p>
<p class=""font_8"">Acompañamos a la empresa durante las etapas posteriores del juicio y fortalecemos continuamente la estrategia de defensa.</p>","https://wa.me/525537408757?text=SWS-Hola%20quisiera%20m%C3%A1s%20informaci%C3%B3n%20de%20su%20servicio%20Contestaci%C3%B3n%20de%20demandas%20laborales",,,"wix:image://v1/45119e_435abab8b544403ba767a4847fc5a226~mv2.jpg/Contestaci%C3%B3n%20de%20demandas%20laborales.jpg#originWidth=1500&originHeight=1125","SI","1030a1ee-a42a-437d-b0f4-740c3485c2d5",2026-06-09T05:14:56Z,2026-06-10T00:45:16Z,"45119e62-fb47-42df-8e3f-62a36597ee45"
"Asesoría en rescisión laboral",,"Asesoría en rescisión laboral","Demandas y Relaciones Laborales","Gestiona procesos de rescisión laboral con respaldo jurídico y minimiza riesgos para tu empresa.","La rescisión laboral es una de las decisiones más delicadas dentro de una empresa. En Despacho Laboral Solórzano Cerezo brindamos asesoría especializada para evaluar la procedencia de la rescisión, documentar correctamente los hechos y fortalecer la defensa de la empresa ante posibles reclamaciones.","Una rescisión laboral mal ejecutada puede convertirse en un despido injustificado con consecuencias económicas importantes. Contar con asesoría especializada permite validar las causas legales, documentar adecuadamente los hechos y reducir significativamente el riesgo de demandas laborales futuras.","<p class=""font_8"">✔️ Análisis de la procedencia legal de la rescisión laboral.</p>
<p class=""font_8"">✔️ Revisión de evidencia, expedientes y antecedentes.</p>
<p class=""font_8"">✔️ Asesoría en la integración de documentación soporte.</p>
<p class=""font_8"">✔️ Elaboración de estrategias de actuación y comunicación.</p>
<p class=""font_8"">✔️ Recomendaciones para minimizar riesgos legales y económicos.</p>","Metodología preventiva orientada a ejecutar procesos de rescisión laboral con seguridad jurídica.","<p class=""font_8""><strong>Evaluación del Caso</strong></p>
<p class=""font_8""><br></p>
<p class=""font_8"">Analizamos los antecedentes, conductas y documentación disponible para determinar la viabilidad de la rescisión.</p>","<p class=""font_8""><strong>Análisis Jurídico</strong></p>
<p class=""font_8""><br></p>
<p class=""font_8"">Verificamos el cumplimiento de requisitos legales y la fortaleza de la evidencia disponible.</p>","<p class=""font_8""><strong>Diseño de Estrategia</strong></p>
<p class=""font_8""><br></p>
<p class=""font_8"">Definimos la mejor ruta de actuación para proteger los intereses de la empresa.</p>","<p class=""font_8""><strong>Implementación y Seguimiento</strong></p>
<p class=""font_8""><br></p>
<p class=""font_8"">Brindamos acompañamiento durante el proceso y generamos recomendaciones para fortalecer la defensa patronal.</p>","https://wa.me/525537408757?text=SWS-Hola%20quisiera%20m%C3%A1s%20informaci%C3%B3n%20de%20su%20servicio%20Asesor%C3%ADa%20en%20rescisi%C3%B3n%20laboral",,,"wix:image://v1/45119e_a52af36a9e2f4a8ca25303e08c9a8e1f~mv2.jpg/Asesor%C3%ADa%20en%20rescisi%C3%B3n%20laboral.jpg#originWidth=1500&originHeight=1000","SI","172ead51-d01b-4016-bc64-ff1f76dd7cc2",2026-06-09T05:14:56Z,2026-06-10T00:57:47Z,"45119e62-fb47-42df-8e3f-62a36597ee45"
"Capacitación laboral para RH y directivos",,"Capacitación laboral para RH y directivos","Inspecciones y Cumplimiento Laboral",,,,,,,,,,,,,,"SI","181f9af0-d402-483a-afa8-3da3be877d99",2026-06-09T05:14:56Z,2026-06-09T20:23:10Z,"45119e62-fb47-42df-8e3f-62a36597ee45"
"Integración de Comisiones Mixtas",,"Integración de Comisiones Mixtas","Contratos y Prevención Laboral","Cumple con tus obligaciones laborales mediante la correcta integración y documentación de Comisiones Mixtas.","Las Comisiones Mixtas son órganos obligatorios en diversas materias laborales y forman parte del cumplimiento que las empresas deben acreditar ante autoridades laborales. En Despacho Laboral Solórzano Cerezo te ayudamos a integrarlas, documentarlas y mantenerlas correctamente operando.","La ausencia o incorrecta integración de Comisiones Mixtas puede generar observaciones durante inspecciones laborales y debilitar el cumplimiento normativo de la empresa. Contar con estas comisiones debidamente documentadas fortalece la gestión laboral y reduce riesgos de sanciones o contingencias.","<p class=""font_8"">✔️ Integración de Comisiones Mixtas conforme a la normativa aplicable.</p>
<p class=""font_8"">✔️ Elaboración de actas constitutivas y documentación soporte.</p>
<p class=""font_8"">✔️ Asesoría sobre funciones y obligaciones de cada comisión.</p>
<p class=""font_8"">✔️ Revisión de cumplimiento documental y operativo.</p>
<p class=""font_8"">✔️ Recomendaciones para seguimiento y actualización periódica.</p>","Metodología preventiva orientada al cumplimiento laboral y documental.","<p class=""font_8""><strong>Diagnóstico de Cumplimiento</strong></p>
<p class=""font_8""><br></p>
<p class=""font_8"">Analizamos las obligaciones aplicables y las comisiones requeridas para la empresa.</p>","<p class=""font_8""><strong>Integración Formal</strong></p>
<p class=""font_8""><br></p>
<p class=""font_8"">Elaboramos la documentación necesaria para la constitución de las Comisiones Mixtas.</p>","<p class=""font_8""><strong>Capacitación y Orientación</strong></p>
<p class=""font_8""><br></p>
<p class=""font_8"">Explicamos funciones, responsabilidades y obligaciones de sus integrantes.</p>","<p class=""font_8""><strong>Seguimiento y Actualización</strong></p>
<p class=""font_8""><br></p>
<p class=""font_8"">Brindamos recomendaciones para mantener la documentación vigente y lista para cualquier inspección.</p>","https://wa.me/525537408757?text=SWS-Hola%20quisiera%20m%C3%A1s%20informaci%C3%B3n%20de%20su%20servicio%20Integraci%C3%B3n%20de%20Comisiones%20Mixtas",,,"wix:image://v1/45119e_5e8724d3eac04da78dadf4daa2e45650~mv2.jpg/Integraci%C3%B3n%20de%20Comisiones%20Mixtas.jpg#originWidth=1500&originHeight=1001","SI","23fd1deb-28fd-41a0-8155-f407df0fb70f",2026-06-09T05:14:56Z,2026-06-09T23:38:35Z,"45119e62-fb47-42df-8e3f-62a36597ee45"
"Revisión de procesos de PTU y utilidades",,"Revisión de procesos de PTU y utilidades","Inspecciones y Cumplimiento Laboral",,,,,,,,,,,,,,"SI","262429f0-ac69-48c9-98a6-d02b17ad8df1",2026-06-09T05:14:56Z,2026-06-10T18:53:11Z,"45119e62-fb47-42df-8e3f-62a36597ee45"
"Ratificaciones ante el CCL",,"Ratificaciones ante el CCL","Demandas y Relaciones Laborales","Formaliza acuerdos laborales con validez jurídica mediante ratificaciones seguras ante el Centro de Conciliación Laboral.","La ratificación ante el Centro de Conciliación Laboral (CCL) permite formalizar convenios y acuerdos laborales con mayor certeza jurídica para ambas partes. En Despacho Laboral Solórzano Cerezo acompañamos a las empresas durante todo el proceso para garantizar una correcta formalización.","Un convenio no ratificado puede generar riesgos de impugnación o futuras controversias laborales. La ratificación ante el CCL fortalece la validez jurídica del acuerdo, brinda mayor seguridad a la empresa y ayuda a prevenir reclamaciones posteriores relacionadas con la relación laboral.","<p class=""font_8"">✔️ Elaboración y revisión de convenios sujetos a ratificación.</p>
<p class=""font_8"">✔️ Preparación documental para comparecencia ante el CCL.</p>
<p class=""font_8"">✔️ Representación y acompañamiento durante la audiencia.</p>
<p class=""font_8"">✔️ Revisión de términos y alcances del acuerdo laboral.</p>
<p class=""font_8"">✔️ Seguimiento hasta la formalización y cierre del procedimiento.</p>","Metodología orientada a formalizar acuerdos laborales de manera segura y jurídicamente sólida.","<p class=""font_8""><strong>Análisis del Acuerdo</strong></p>
<p class=""font_8""><br></p>
<p class=""font_8"">Revisamos los antecedentes y condiciones pactadas para garantizar su viabilidad legal.</p>","<p class=""font_8""><strong>Preparación Documental</strong></p>
<p class=""font_8""><br></p>
<p class=""font_8"">Elaboramos y validamos la documentación necesaria para la ratificación.</p>","<p class=""font_8""><strong>Acompañamiento ante el CCL</strong></p>
<p class=""font_8""><br></p>
<p class=""font_8"">Representamos y asistimos a la empresa durante la comparecencia y formalización del convenio.</p>","<p class=""font_8""><strong>Cierre y Resguardo</strong></p>
<p class=""font_8""><br></p>
<p class=""font_8"">Verificamos la correcta conclusión del procedimiento y entregamos recomendaciones para el resguardo documental.</p>","https://wa.me/525537408757?text=SWS-Hola%20quisiera%20m%C3%A1s%20informaci%C3%B3n%20de%20su%20servicio%20Ratificaciones%20ante%20el%20CCL",,,"wix:image://v1/45119e_6d801002292143f2b4d6bc9b4988d97a~mv2.jpg/Ratificaciones%20ante%20el%20CCL.jpg#originWidth=1500&originHeight=1000","SI","2e8cebef-15c4-4422-9891-4508840a3900",2026-06-09T05:14:56Z,2026-06-10T00:15:51Z,"45119e62-fb47-42df-8e3f-62a36597ee45"
"Auditorías laborales internas",,"Auditorías laborales internas","Inspecciones y Cumplimiento Laboral","Detecta riesgos laborales antes de que se conviertan en multas, demandas o contingencias para tu empresa.","Las auditorías laborales internas permiten evaluar el nivel de cumplimiento de una empresa, identificar áreas de riesgo y fortalecer sus procesos laborales. En Despacho Laboral Solórzano Cerezo realizamos revisiones preventivas para ayudar a las organizaciones a operar con mayor seguridad jurídica.","Muchas empresas desconocen que tienen incumplimientos hasta que enfrentan una inspección, demanda o requerimiento de autoridad. Una auditoría laboral interna permite identificar riesgos, corregir deficiencias y fortalecer la documentación y procesos antes de que generen consecuencias legales o económicas.","<p class=""font_8"">✔️ Revisión integral de documentación laboral y expedientes.</p>
<p class=""font_8"">✔️ Evaluación de contratos, políticas y procesos internos.</p>
<p class=""font_8"">✔️ Identificación de riesgos y áreas de incumplimiento.</p>
<p class=""font_8"">✔️ Diagnóstico de cumplimiento normativo laboral.</p>
<p class=""font_8"">✔️ Plan de acción para corregir observaciones detectadas.</p>","Metodología preventiva orientada a fortalecer el cumplimiento laboral y reducir riesgos empresariales.","<p class=""font_8""><strong>Diagnóstico Inicial</strong></p>
<p class=""font_8""><br></p>
<p class=""font_8"">Analizamos la estructura laboral, documentación y procesos internos de la empresa.</p>","<p class=""font_8""><strong>Auditoría de Cumplimiento</strong></p>
<p class=""font_8""><br></p>
<p class=""font_8"">Revisamos contratos, expedientes, reglamentos, comisiones mixtas y demás obligaciones laborales aplicables.</p>","<p class=""font_8""><strong>Detección de Riesgos</strong></p>
<p class=""font_8""><br></p>
<p class=""font_8"">Identificamos incumplimientos, vulnerabilidades y oportunidades de mejora.</p>","<p class=""font_8""><strong>Plan Correctivo</strong></p>
<p class=""font_8""><br></p>
<p class=""font_8"">Entregamos recomendaciones y acciones específicas para fortalecer el cumplimiento y prevenir contingencias futuras.</p>","https://wa.me/525537408757?text=SWS-Hola%20quisiera%20m%C3%A1s%20informaci%C3%B3n%20de%20su%20servicio%20Auditor%C3%ADas%20laborales%20internas",,,"wix:image://v1/45119e_1faf97dc73f04edd9e3f0fdbead27a5b~mv2.jpg/Auditor%C3%ADas%20laborales%20internas.jpg#originWidth=1500&originHeight=1000","SI","39cb5fed-b58d-40d5-a9df-5cffd0b4b03f",2026-06-09T05:14:56Z,2026-06-10T18:51:13Z,"45119e62-fb47-42df-8e3f-62a36597ee45"
"Implementación de procesos de documentación laboral",,"Implementación de procesos de documentación laboral","Contratos y Prevención Laboral","Estandariza la documentación laboral de tu empresa y genera evidencia que reduzca riesgos legales y operativos.","La implementación de procesos de documentación laboral permite que contratos, actas, expedientes, citatorios y demás documentos se generen de forma ordenada y consistente. En Despacho Laboral Solórzano Cerezo ayudamos a las empresas a establecer procedimientos claros para fortalecer el cumplimiento laboral.","Muchas empresas cuentan con formatos laborales, pero no con procesos que garanticen su correcta aplicación. La falta de documentación oportuna puede generar conflictos, dificultades probatorias y contingencias laborales. Un proceso bien implementado ayuda a crear evidencia antes de que surjan los problemas.","<p class=""font_8"">✔️ Diagnóstico de procesos documentales actuales.</p>
<p class=""font_8"">✔️ Diseño de flujos de documentación laboral.</p>
<p class=""font_8"">✔️ Implementación de controles y responsables internos.</p>
<p class=""font_8"">✔️ Integración de formatos y procedimientos estandarizados.</p>
<p class=""font_8"">✔️ Recomendaciones para resguardo y actualización documental.</p>","Metodología preventiva enfocada en crear sistemas documentales eficientes y sostenibles.","<p class=""font_8""><strong>Diagnóstico Operativo</strong></p>
<p class=""font_8""><br></p>
<p class=""font_8"">Analizamos cómo se generan, utilizan y resguardan actualmente los documentos laborales de la empresa.</p>","<p class=""font_8""><strong>Diseño de Procesos</strong></p>
<p class=""font_8""><br></p>
<p class=""font_8"">Desarrollamos procedimientos claros para cada etapa de la relación laboral.</p>","<p class=""font_8""><strong>Implementación y Capacitación</strong></p>
<p class=""font_8""><br></p>
<p class=""font_8"">Acompañamos a la empresa en la adopción de los nuevos procesos y controles documentales.</p>","<p class=""font_8""><strong>Seguimiento y Mejora Continua</strong></p>
<p class=""font_8""><br></p>
<p class=""font_8"">Brindamos recomendaciones para mantener los procesos actualizados y alineados con las necesidades operativas y legales.</p>","https://wa.me/525537408757?text=SWS-Hola%20quisiera%20m%C3%A1s%20informaci%C3%B3n%20de%20su%20servicio%20Implementaci%C3%B3n%20de%20procesos%20de%20documentaci%C3%B3n%20laboral",,,"wix:image://v1/45119e_ed97388ffc87431ab987ff6470194544~mv2.jpg/Implementaci%C3%B3n%20de%20procesos%20de%20documentaci%C3%B3n%20laboral.jpg#originWidth=1500&originHeight=1000","SI","3a37063f-0c62-4235-9dda-0f5f3cf1dec2",2026-06-09T05:14:56Z,2026-06-09T23:24:21Z,"45119e62-fb47-42df-8e3f-62a36597ee45"
"Elaboración de contratos individuales de trabajo",,"Elaboración de contratos individuales de trabajo","Contratos y Prevención Laboral","Contratos laborales diseñados para proteger a tu empresa desde la contratación y reducir riesgos legales futuros.","Protege tu empresa desde el primer día con contratos laborales personalizados y alineados con la Ley Federal del Trabajo. En Despacho Laboral Solórzano Cerezo diseñamos contratos que brindan certeza jurídica, previenen conflictos y fortalecen la relación laboral.","Un contrato laboral mal elaborado puede generar demandas, conflictos y costos innecesarios. Contar con contratos correctamente estructurados permite establecer reglas claras, definir responsabilidades, proteger los intereses de la empresa y reducir riesgos legales desde el inicio de la relación laboral.","<p class=""font_8"">✔️ Elaboración de contratos por tiempo determinado e indeterminado.</p>
<p class=""font_8"">✔️ Contratos con periodo de prueba o capacitación inicial.</p>
<p class=""font_8"">✔️ Definición de funciones, jornadas y condiciones laborales.</p>
<p class=""font_8"">✔️ Cláusulas de confidencialidad y protección de información.</p>
<p class=""font_8"">✔️ Revisión de cumplimiento con la Ley Federal del Trabajo.</p>","Metodología preventiva orientada a proteger la relación laboral desde el primer día.","<p class=""font_8""><strong>Diagnóstico Laboral</strong></p>
<p class=""font_8""><br></p>
<p class=""font_8"">Analizamos el puesto, funciones y necesidades específicas de la empresa para determinar el tipo de contrato adecuado.</p>","<p class=""font_8""><strong>Diseño Contractual</strong></p>
<p class=""font_8""><br></p>
<p class=""font_8"">Elaboramos contratos personalizados alineados con la legislación laboral vigente y las políticas internas de la organización.</p>","<p class=""font_8""><strong>Validación e Implementación</strong></p>
<p class=""font_8""><br></p>
<p class=""font_8"">Revisamos el documento con el cliente y brindamos acompañamiento para su correcta formalización y firma.</p>","<p class=""font_8""><strong>Prevención y Actualización</strong></p>
<p class=""font_8""><br></p>
<p class=""font_8"">Recomendamos ajustes y actualizaciones conforme evolucionan las necesidades de la empresa o cambian las disposiciones legales.</p>","https://wa.me/525537408757?text=SWS-Hola%20quisiera%20m%C3%A1s%20informaci%C3%B3n%20de%20su%20servicio%20Elaboraci%C3%B3n%20de%20Contratos%20Individuales%20de%20Trabajo",,,"wix:image://v1/45119e_f10baa03bbef41f897d0e92c1b11deed~mv2.jpg/Elaboraci%C3%B3n%20de%20contratos%20individuales%20de%20trabajo.jpg#originWidth=1500&originHeight=1000","SI","3afedcc2-f53d-49cc-9c43-3ca00f3ae117",2026-06-09T05:14:56Z,2026-06-09T23:15:40Z,"45119e62-fb47-42df-8e3f-62a36597ee45"
"Asistencia y defensa en demandas laborales individuales",,"Asistencia y defensa en demandas laborales individuales","Demandas y Relaciones Laborales","Protege los intereses de tu empresa con una defensa laboral estratégica, documentada y orientada a resultados.","Las demandas laborales individuales pueden representar riesgos económicos y operativos importantes para cualquier empresa. En Despacho Laboral Solórzano Cerezo brindamos asistencia y defensa especializada para atender conflictos laborales, proteger los derechos patronales y fortalecer la estrategia jurídica de nuestros clientes.","Una demanda laboral mal atendida puede generar condenas económicas, afectar la operación de la empresa y aumentar significativamente los riesgos legales. Contar con una defensa oportuna y una estrategia adecuada permite proteger los intereses de la organización y fortalecer su posición durante todo el procedimiento.","<p class=""font_8"">✔️ Análisis jurídico y evaluación del riesgo laboral.</p>
<p class=""font_8"">✔️ Contestación de demandas laborales individuales.</p>
<p class=""font_8"">✔️ Representación patronal durante el procedimiento.</p>
<p class=""font_8"">✔️ Estrategia de defensa y fortalecimiento probatorio.</p>
<p class=""font_8"">✔️ Negociación y acompañamiento en conciliaciones laborales.</p>","Metodología estratégica orientada a proteger los intereses de la empresa durante todo el procedimiento laboral.","<p class=""font_8""><strong>Análisis del Caso</strong></p>
<p class=""font_8""><br></p>
<p class=""font_8"">Revisamos la demanda, documentación y antecedentes para identificar riesgos y oportunidades de defensa.</p>","<p class=""font_8""><strong>Diseño de Estrategia</strong></p>
<p class=""font_8""><br></p>
<p class=""font_8"">Desarrollamos una estrategia jurídica alineada con los objetivos y circunstancias específicas de la empresa.</p>","<p class=""font_8""><strong>Representación y Seguimiento</strong></p>
<p class=""font_8""><br></p>
<p class=""font_8"">Atendemos audiencias, promociones y actuaciones necesarias durante el procedimiento laboral.</p>","<p class=""font_8""><strong>Resolución y Prevención</strong></p>
<p class=""font_8""><br></p>
<p class=""font_8"">Buscamos la mejor solución para el caso y generamos recomendaciones para reducir riesgos futuros.</p>","https://wa.me/525537408757?text=SWS-Hola%20quisiera%20m%C3%A1s%20informaci%C3%B3n%20de%20su%20servicio%20Asistencia%20y%20defensa%20en%20demandas%20laborales%20individuales",,,"wix:image://v1/45119e_f8033704a415446b88daa3f761268443~mv2.jpg/Asistencia%20y%20defensa%20en%20demandas%20laborales%20individuales.jpg#originWidth=1500&originHeight=1166","SI","3f39615f-6c26-46cf-a005-ee1c53eef0b9",2026-06-09T05:14:56Z,2026-06-09T23:55:00Z,"45119e62-fb47-42df-8e3f-62a36597ee45"
"Defensa en conflictos laborales colectivos",,"Defensa en conflictos laborales colectivos","Demandas y Relaciones Laborales","Protege la estabilidad de tu empresa ante conflictos colectivos mediante una estrategia legal preventiva y especializada.","Los conflictos laborales colectivos pueden impactar significativamente la operación, reputación y estabilidad financiera de una empresa. En Despacho Laboral Solórzano Cerezo brindamos asesoría y defensa especializada para atender controversias colectivas, negociar soluciones efectivas y proteger los intereses de la organización.","Un conflicto colectivo mal gestionado puede derivar en paros, afectaciones operativas, demandas colectivas o daños reputacionales. Contar con una estrategia legal adecuada permite reducir riesgos, fortalecer la posición de la empresa y buscar soluciones que protejan la continuidad del negocio.","<p class=""font_8"">✔️ Asesoría y defensa en conflictos laborales colectivos.</p>
<p class=""font_8"">✔️ Estrategias de negociación y prevención de escalamiento.</p>
<p class=""font_8"">✔️ Representación patronal ante autoridades laborales.</p>
<p class=""font_8"">✔️ Análisis de riesgos y fortalecimiento documental.</p>
<p class=""font_8"">✔️ Acompañamiento durante procedimientos de conciliación y resolución.</p>","Metodología estratégica orientada a proteger la operación empresarial y minimizar riesgos laborales colectivos.","<p class=""font_8""><strong>Diagnóstico del Conflicto</strong></p>
<p class=""font_8""><br></p>
<p class=""font_8"">Analizamos el origen, alcance y riesgos asociados al conflicto laboral colectivo.</p>","<p class=""font_8""><strong>Diseño de Estrategia</strong></p>
<p class=""font_8""><br></p>
<p class=""font_8"">Desarrollamos una ruta de acción jurídica y operativa alineada con los objetivos de la empresa.</p>","<p class=""font_8""><strong>Representación y Negociación</strong></p>
<p class=""font_8""><br></p>
<p class=""font_8"">Participamos en procesos de diálogo, conciliación y defensa ante las instancias correspondientes.</p>","<p class=""font_8""><strong>Resolución y Prevención</strong></p>
<p class=""font_8""><br></p>
<p class=""font_8"">Implementamos acciones para resolver el conflicto y fortalecer la prevención de futuras contingencias colectivas.</p>","https://wa.me/525537408757?text=SWS-Hola%20quisiera%20m%C3%A1s%20informaci%C3%B3n%20de%20su%20servicio%20Defensa%20en%20conflictos%20laborales%20colectivos",,,"wix:image://v1/45119e_4ecc1d603b234daf8a8d0cc927dd0611~mv2.jpg/Defensa%20en%20conflictos%20laborales%20colectivos.jpg#originWidth=1500&originHeight=1000","SI","4bac3b61-5ca6-4e2c-889f-14dd1a73b34c",2026-06-09T05:14:56Z,2026-06-09T23:59:43Z,"45119e62-fb47-42df-8e3f-62a36597ee45"
"Estrategia documental para juicios laborales",,"Estrategia documental para juicios laborales","Demandas y Relaciones Laborales","Fortalece tu defensa laboral mediante evidencia, documentación y estrategias probatorias preparadas desde antes del juicio.","La documentación es uno de los factores más importantes en cualquier juicio laboral. En Despacho Laboral Solórzano Cerezo ayudamos a las empresas a construir estrategias documentales sólidas que permitan acreditar hechos, fortalecer la defensa patronal y reducir riesgos durante procedimientos laborales.","Muchas empresas pierden juicios laborales no por falta de razón, sino por falta de evidencia. Una estrategia documental adecuada permite acreditar cumplimiento, respaldar decisiones laborales y construir una defensa sólida basada en documentos, expedientes, actas, citatorios y registros internos.","<p class=""font_8"">✔️ Diagnóstico documental de riesgos laborales.</p>
<p class=""font_8"">✔️ Revisión de expedientes, contratos y documentación soporte.</p>
<p class=""font_8"">✔️ Integración de evidencia para procedimientos laborales.</p>
<p class=""font_8"">✔️ Estrategia probatoria alineada al caso específico.</p>
<p class=""font_8"">✔️ Recomendaciones para fortalecer futuras actuaciones laborales.</p>","Metodología preventiva orientada a construir defensas laborales sólidas y documentadas.","<p class=""font_8""><strong>Diagnóstico Documental</strong></p>
<p class=""font_8""><br></p>
<p class=""font_8"">Analizamos contratos, expedientes, actas, políticas y demás documentos relacionados con el caso.</p>","<p class=""font_8""><strong>Identificación de Riesgos</strong></p>
<p class=""font_8""><br></p>
<p class=""font_8"">Detectamos debilidades documentales y áreas que requieren fortalecimiento probatorio.</p>","<p class=""font_8""><strong>Diseño de Estrategia</strong></p>
<p class=""font_8""><br></p>
<p class=""font_8"">Definimos la documentación y evidencia necesaria para respaldar la posición de la empresa.</p>","<p class=""font_8""><strong>Implementación y Seguimiento</strong></p>
<p class=""font_8""><br></p>
<p class=""font_8"">Acompañamos la integración documental y brindamos recomendaciones para fortalecer la defensa durante todo el procedimiento.</p>","https://wa.me/525537408757?text=SWS-Hola%20quisiera%20m%C3%A1s%20informaci%C3%B3n%20de%20su%20servicio%20Estrategia%20documental%20para%20juicios%20laborales",,,"wix:image://v1/45119e_3692c95c79c44b29978e0d5b78bf251a~mv2.jpg/Estrategia%20documental%20para%20juicios%20laborales.jpg#originWidth=1500&originHeight=1000","SI","58811d09-7802-44a1-be63-301942c307fb",2026-06-09T05:14:56Z,2026-06-10T18:35:49Z,"45119e62-fb47-42df-8e3f-62a36597ee45"
"Asesoría preventiva ante inspecciones laborales",,"Asesoría preventiva ante inspecciones laborales","Inspecciones y Cumplimiento Laboral","Anticípate a inspecciones laborales y fortalece el cumplimiento de tu empresa antes de que llegue la autoridad.","La mejor forma de afrontar una inspección laboral es estar preparado antes de recibirla. En Despacho Laboral Solórzano Cerezo ayudamos a las empresas a identificar riesgos, corregir incumplimientos y fortalecer su documentación para enfrentar inspecciones laborales con mayor seguridad jurídica.","Muchas empresas descubren problemas de cumplimiento únicamente cuando la autoridad realiza una inspección. Una asesoría preventiva permite detectar riesgos, corregir deficiencias documentales y fortalecer los procesos internos antes de enfrentar multas, observaciones o sanciones laborales.","<p class=""font_8"">✔️ Diagnóstico preventivo de cumplimiento laboral.</p>
<p class=""font_8"">✔️ Revisión de contratos, expedientes y documentación obligatoria.</p>
<p class=""font_8"">✔️ Identificación de riesgos y posibles incumplimientos.</p>
<p class=""font_8"">✔️ Recomendaciones para corregir observaciones potenciales.</p>
<p class=""font_8"">✔️ Plan de acción para fortalecer el cumplimiento laboral.</p>","Metodología preventiva orientada a reducir riesgos y fortalecer la preparación de la empresa.","<p class=""font_8""><strong>Diagnóstico Inicial</strong></p>
<p class=""font_8""><br></p>
<p class=""font_8"">Analizamos la situación laboral actual de la empresa y las obligaciones aplicables.</p>","<p class=""font_8""><strong>Revisión de Cumplimiento</strong></p>
<p class=""font_8""><br></p>
<p class=""font_8"">Evaluamos contratos, expedientes, reglamentos, comisiones mixtas y demás documentación requerida.</p>","<p class=""font_8""><strong>Identificación de Riesgos</strong></p>
<p class=""font_8""><br></p>
<p class=""font_8"">Detectamos áreas vulnerables y posibles observaciones que podrían generar sanciones.</p>","<p class=""font_8""><strong>Plan de Fortalecimiento</strong></p>
<p class=""font_8""><br></p>
<p class=""font_8"">Entregamos recomendaciones y acciones concretas para mejorar el cumplimiento laboral y afrontar inspecciones con mayor seguridad.</p>","https://wa.me/525537408757?text=SWS-Hola%20quisiera%20m%C3%A1s%20informaci%C3%B3n%20de%20su%20servicio%20Asesor%C3%ADa%20preventiva%20ante%20inspecciones%20laborales",,,"wix:image://v1/45119e_a8dcb52afb2a442ea13b28d13b05ba96~mv2.jpg/Asesor%C3%ADa%20preventiva%20ante%20inspecciones%20laborales.jpg#originWidth=1500&originHeight=1001","SI","5927f298-ad8c-49cb-8f02-94c11840545b",2026-06-09T05:14:56Z,2026-06-10T18:44:11Z,"45119e62-fb47-42df-8e3f-62a36597ee45"
"Conciliaciones ante el Centro de Conciliación Laboral (CCL)",,"Conciliaciones ante el Centro de Conciliación Laboral (CCL)","Demandas y Relaciones Laborales","Resuelve conflictos laborales de forma estratégica antes de que se conviertan en demandas costosas para tu empresa.","La conciliación laboral es una etapa obligatoria previa a la mayoría de las demandas laborales en México. En Despacho Laboral Solórzano Cerezo representamos a empresas durante los procedimientos ante el Centro de Conciliación Laboral (CCL), buscando soluciones eficientes que protejan sus intereses.","Una conciliación mal gestionada puede derivar en acuerdos desfavorables o en una demanda laboral posterior. Contar con asesoría especializada permite evaluar riesgos, negociar estratégicamente y tomar decisiones informadas que protejan el patrimonio y la estabilidad de la empresa.","<p class=""font_8"">✔️ Representación patronal ante el Centro de Conciliación Laboral.</p>
<p class=""font_8"">✔️ Análisis jurídico previo a la audiencia de conciliación.</p>
<p class=""font_8"">✔️ Estrategia de negociación y evaluación de riesgos.</p>
<p class=""font_8"">✔️ Revisión de convenios y acuerdos conciliatorios.</p>
<p class=""font_8"">✔️ Acompañamiento durante todo el procedimiento conciliatorio.</p>","Metodología estratégica orientada a resolver conflictos laborales con seguridad jurídica.","<p class=""font_8""><strong>Análisis del Caso</strong></p>
<p class=""font_8""><br></p>
<p class=""font_8"">Revisamos antecedentes, documentación y posibles escenarios legales antes de la audiencia.</p>","<p class=""font_8""><strong>Diseño de Estrategia</strong></p>
<p class=""font_8""><br></p>
<p class=""font_8"">Definimos la postura de negociación y los objetivos que protejan los intereses de la empresa.</p>","<p class=""font_8""><strong>Representación en Audiencia</strong></p>
<p class=""font_8""><br></p>
<p class=""font_8"">Acompañamos y representamos a la empresa durante el procedimiento conciliatorio.</p>","<p class=""font_8""><strong>Formalización y Seguimiento</strong></p>
<p class=""font_8""><br></p>
<p class=""font_8"">Revisamos acuerdos, convenios y acciones posteriores para garantizar el adecuado cierre del proceso.</p>","https://wa.me/525537408757?text=SWS-Hola%20quisiera%20m%C3%A1s%20informaci%C3%B3n%20de%20su%20servicio%20Conciliaciones%20ante%20el%20Centro%20de%20Conciliaci%C3%B3n%20Laboral%20(CCL)",,,"wix:image://v1/45119e_661f0a18302f4276acbcab2c64714268~mv2.jpg/Ratificaciones%20ante%20el%20CCL.jpg#originWidth=1500&originHeight=1000","SI","5ff04ebd-5eae-47ce-af8b-eedfe5be1556",2026-06-09T05:14:56Z,2026-06-10T00:09:14Z,"45119e62-fb47-42df-8e3f-62a36597ee45"
"Seguimiento de conflictos laborales internos",,"Seguimiento de conflictos laborales internos","Demandas y Relaciones Laborales","Gestiona conflictos laborales de forma oportuna y reduce riesgos antes de que se conviertan en demandas.","Los conflictos laborales internos pueden afectar la productividad, el clima organizacional y la estabilidad de la empresa. En Despacho Laboral Solórzano Cerezo brindamos seguimiento estratégico para identificar riesgos, documentar incidencias y acompañar a las empresas en la gestión adecuada de estos casos.","Ignorar o atender incorrectamente un conflicto laboral puede derivar en demandas, rotación de personal o afectaciones operativas. Un seguimiento adecuado permite documentar hechos, generar evidencia, tomar decisiones informadas y prevenir que situaciones internas escalen a procedimientos legales más complejos.","<p class=""font_8"">✔️ Análisis y seguimiento de conflictos laborales internos.</p>
<p class=""font_8"">✔️ Revisión de antecedentes, expedientes y documentación relacionada.</p>
<p class=""font_8"">✔️ Estrategias de actuación y prevención de riesgos laborales.</p>
<p class=""font_8"">✔️ Asesoría para documentación de incidencias y evidencia.</p>
<p class=""font_8"">✔️ Recomendaciones para resolución y fortalecimiento de procesos internos.</p>","Metodología preventiva orientada a identificar, documentar y gestionar conflictos laborales de manera efectiva.","<p class=""font_8""><strong>Diagnóstico del Conflicto</strong></p>
<p class=""font_8""><br></p>
<p class=""font_8"">Analizamos la situación, antecedentes y riesgos asociados al caso.</p>","<p class=""font_8""><strong>Evaluación Documental</strong></p>
<p class=""font_8""><br></p>
<p class=""font_8"">Revisamos expedientes, evidencia y elementos relevantes para la toma de decisiones.</p>","<p class=""font_8""><strong>Diseño de Estrategia</strong></p>
<p class=""font_8""><br></p>
<p class=""font_8"">Definimos acciones específicas para gestionar el conflicto y reducir riesgos para la empresa.</p>","<p class=""font_8""><strong>Seguimiento y Resolución</strong></p>
<p class=""font_8""><br></p>
<p class=""font_8"">Acompañamos la implementación de acciones y brindamos recomendaciones para prevenir futuras contingencias.</p>","https://wa.me/525537408757?text=SWS-Hola%20quisiera%20m%C3%A1s%20informaci%C3%B3n%20de%20su%20servicio%20Seguimiento%20de%20conflictos%20laborales%20internos",,,"wix:image://v1/45119e_9bd6f741a52b4c33b82069c9db3fa58d~mv2.jpg/Seguimiento%20de%20conflictos%20laborales%20internos.jpg#originWidth=1500&originHeight=1000","SI","72568f26-0bf4-4b19-91dc-da6efd1af76d",2026-06-09T05:14:56Z,2026-06-10T01:04:38Z,"45119e62-fb47-42df-8e3f-62a36597ee45"
"Estrategias de prevención de contingencias laborales",,"Estrategias de prevención de contingencias laborales","Inspecciones y Cumplimiento Laboral",,,,,,,,,,,,,,"SI","83a4eb2a-e032-4b29-8d93-571de38c67f3",2026-06-09T05:14:56Z,2026-06-10T18:53:11Z,"45119e62-fb47-42df-8e3f-62a36597ee45"
"Negociación de convenios laborales",,"Negociación de convenios laborales","Demandas y Relaciones Laborales","Alcanza acuerdos laborales estratégicos que protejan a tu empresa y reduzcan riesgos de conflictos futuros.","La negociación de convenios laborales permite resolver situaciones laborales de manera ordenada, documentada y con seguridad jurídica. En Despacho Laboral Solórzano Cerezo acompañamos a las empresas en la construcción de acuerdos que protejan sus intereses y minimicen contingencias futuras.","Una negociación mal planteada puede derivar en conflictos, demandas o acuerdos desfavorables para la empresa. Contar con asesoría especializada permite evaluar riesgos, negociar condiciones adecuadas y documentar correctamente los acuerdos alcanzados para brindar mayor certeza jurídica.","<p class=""font_8"">✔️ Análisis jurídico y evaluación de riesgos laborales.</p>
<p class=""font_8"">✔️ Estrategia de negociación alineada a los objetivos de la empresa.</p>
<p class=""font_8"">✔️ Elaboración y revisión de convenios laborales.</p>
<p class=""font_8"">✔️ Acompañamiento durante reuniones y negociaciones.</p>
<p class=""font_8"">✔️ Recomendaciones para formalización y resguardo documental.</p>","Metodología estratégica orientada a construir acuerdos laborales sólidos y sostenibles.","<p class=""font_8""><strong>Análisis del Escenario</strong></p>
<p class=""font_8""><br></p>
<p class=""font_8"">Evaluamos la situación laboral, riesgos y objetivos que busca alcanzar la empresa.</p>","<p class=""font_8""><strong>Diseño de Estrategia</strong></p>
<p class=""font_8""><br></p>
<p class=""font_8"">Definimos la ruta de negociación y las condiciones prioritarias para proteger los intereses patronales.</p>","<p class=""font_8""><strong>Negociación y Formalización</strong></p>
<p class=""font_8""><br></p>
<p class=""font_8"">Participamos en el proceso de negociación y elaboramos los documentos necesarios para formalizar los acuerdos.</p>","<p class=""font_8""><strong>Seguimiento y Prevención</strong></p>
<p class=""font_8""><br></p>
<p class=""font_8"">Brindamos recomendaciones para el cumplimiento de los acuerdos y la prevención de futuras controversias.</p>","https://wa.me/525537408757?text=SWS-Hola%20quisiera%20m%C3%A1s%20informaci%C3%B3n%20de%20su%20servicio%20Negociaci%C3%B3n%20de%20convenios%20laborales",,,"wix:image://v1/45119e_dba5b8d8fa1e420eaf942922df9f75fe~mv2.jpg/Negociaci%C3%B3n%20de%20convenios%20laborales.jpg#originWidth=1500&originHeight=1000","SI","84c703ca-b796-4476-bb3d-b3a2ef1972a0",2026-06-09T05:14:56Z,2026-06-10T00:22:34Z,"45119e62-fb47-42df-8e3f-62a36597ee45"
"Sistemas de gestión de personal",,"Sistemas de gestión de personal","Inspecciones y Cumplimiento Laboral",,,,,,,,,,,,,,"SI","996c91ec-a853-4528-baa9-95de15a98320",2026-06-09T05:14:56Z,2026-06-10T18:53:11Z,"45119e62-fb47-42df-8e3f-62a36597ee45"
"Cálculo de finiquitos e indemnizaciones",,"Cálculo de finiquitos e indemnizaciones","Demandas y Relaciones Laborales","Obtén cálculos laborales precisos y respaldados legalmente para reducir riesgos durante cualquier desvinculación.","El cálculo correcto de finiquitos e indemnizaciones es fundamental para evitar conflictos laborales y proteger a la empresa durante una desvinculación. En Despacho Laboral Solórzano Cerezo realizamos cálculos conforme a la Ley Federal del Trabajo, brindando certeza jurídica y financiera en cada caso.","Un error en el cálculo de prestaciones, indemnizaciones o conceptos laborales puede derivar en reclamaciones, demandas y costos adicionales para la empresa. Contar con un cálculo preciso permite tomar decisiones informadas, negociar con mayor seguridad y reducir riesgos de contingencias laborales.","<p class=""font_8"">✔️ Cálculo de finiquitos conforme a la Ley Federal del Trabajo.</p>
<p class=""font_8"">✔️ Cálculo de indemnizaciones legales y constitucionales.</p>
<p class=""font_8"">✔️ Determinación de prestaciones pendientes de pago.</p>
<p class=""font_8"">✔️ Revisión de antigüedad, salarios y condiciones laborales.</p>
<p class=""font_8"">✔️ Explicación detallada de conceptos y montos calculados.</p>","Metodología orientada a garantizar cálculos laborales precisos y documentados.","<p class=""font_8""><strong>Recopilación de Información</strong></p>
<p class=""font_8""><br></p>
<p class=""font_8"">Analizamos salario, antigüedad, prestaciones y antecedentes de la relación laboral.</p>","<p class=""font_8""><strong>Validación de Datos</strong></p>
<p class=""font_8""><br></p>
<p class=""font_8"">Verificamos la información proporcionada para asegurar la correcta determinación de conceptos.</p>","<p class=""font_8""><strong>Cálculo Especializado</strong></p>
<p class=""font_8""><br></p>
<p class=""font_8"">Realizamos el cálculo de finiquito o indemnización conforme a la legislación vigente.</p>","<p class=""font_8""><strong>Entrega y Asesoría</strong></p>
<p class=""font_8""><br></p>
<p class=""font_8"">Presentamos los resultados y brindamos orientación para su correcta aplicación y documentación.</p>","https://wa.me/525537408757?text=SWS-Hola%20quisiera%20m%C3%A1s%20informaci%C3%B3n%20de%20su%20servicio%20C%C3%A1lculo%20de%20finiquitos%20e%20indemnizaciones",,,"wix:image://v1/45119e_9f655073a0ee475bb3525bb0d4bd02a8~mv2.jpg/C%C3%A1lculo%20de%20finiquitos%20e%20indemnizaciones.jpg#originWidth=1500&originHeight=1000","SI","9b2c6341-e953-41b3-bd90-cfd5d58e873b",2026-06-09T05:14:56Z,2026-06-10T00:54:22Z,"45119e62-fb47-42df-8e3f-62a36597ee45"
"Cartas responsivas y documentos laborales internos",,"Cartas responsivas y documentos laborales internos","Contratos y Prevención Laboral","Documenta responsabilidades y procesos internos con herramientas que fortalecen la protección jurídica de tu empresa.","Las cartas responsivas y documentos laborales internos permiten establecer responsabilidades, lineamientos y evidencia documental dentro de la relación laboral. En Despacho Laboral Solórzano Cerezo elaboramos documentos personalizados para fortalecer el control interno y prevenir contingencias laborales.","Muchas empresas entregan equipos, información o asignan responsabilidades sin dejar evidencia documental. Esto puede generar conflictos, pérdidas o dificultades para acreditar obligaciones laborales. Una documentación interna adecuada fortalece la operación y brinda mayor certeza jurídica ante cualquier eventualidad.","<p class=""font_8"">✔️ Elaboración de cartas responsivas para equipos, herramientas y activos empresariales.</p>
<p class=""font_8"">✔️ Documentos de asignación de funciones y responsabilidades.</p>
<p class=""font_8"">✔️ Formatos de recepción y entrega de bienes empresariales.</p>
<p class=""font_8"">✔️ Documentación interna de cumplimiento y control laboral.</p>
<p class=""font_8"">✔️ Revisión jurídica de documentos conforme a la legislación aplicable.</p>","Metodología preventiva orientada a fortalecer el control documental y la evidencia interna.","<p class=""font_8""><strong>Análisis de Necesidades</strong></p>
<p class=""font_8""><br></p>
<p class=""font_8"">Identificamos los procesos, activos y responsabilidades que requieren respaldo documental.</p>","<p class=""font_8""><strong>Diseño Documental</strong></p>
<p class=""font_8""><br></p>
<p class=""font_8"">Elaboramos documentos personalizados conforme a la operación y necesidades específicas de la empresa.</p>","<p class=""font_8""><strong>Validación e Implementación</strong></p>
<p class=""font_8""><br></p>
<p class=""font_8"">Revisamos los formatos con el cliente y brindamos recomendaciones para su correcta utilización.</p>","<p class=""font_8""><strong>Control y Actualización</strong></p>
<p class=""font_8""><br></p>
<p class=""font_8"">Proponemos mecanismos para mantener la documentación actualizada y alineada con la evolución de la organización.</p>","https://wa.me/525537408757?text=SWS-Hola%20quisiera%20m%C3%A1s%20informaci%C3%B3n%20de%20su%20servicio%20Cartas%20responsivas%20y%20documentos%20laborales%20internos",,,"wix:image://v1/45119e_6f45477d509d406993cbcf8bc3a7f471~mv2.jpg/Cartas%20responsivas%20y%20documentos%20laborales%20internos.jpg#originWidth=1500&originHeight=1001","SI","9c4b6e38-168a-4ce4-91e7-fc45f1e60680",2026-06-09T05:14:56Z,2026-06-09T23:19:45Z,"45119e62-fb47-42df-8e3f-62a36597ee45"
"Preparación documental para auditorías",,"Preparación documental para auditorías","Inspecciones y Cumplimiento Laboral",,,,,,,,,,,,,,"SI","a53c0f06-48e8-45f2-ad06-3374376c4211",2026-06-09T05:14:56Z,2026-06-10T18:53:11Z,"45119e62-fb47-42df-8e3f-62a36597ee45"
"Auditoría preventiva laboral",,"Auditoría preventiva laboral","Contratos y Prevención Laboral","Identifica riesgos laborales antes de que se conviertan en demandas, multas o inspecciones para tu empresa.","La auditoría preventiva laboral permite evaluar el cumplimiento de obligaciones laborales, detectar áreas de riesgo y fortalecer la documentación de la empresa. En Despacho Laboral Solórzano Cerezo realizamos diagnósticos preventivos para ayudarte a reducir contingencias y mejorar tu preparación ante cualquier revisión.","Muchas contingencias laborales no se originan por mala intención, sino por errores de documentación, procesos o cumplimiento. Una auditoría preventiva permite detectar riesgos antes de que se conviertan en demandas, sanciones o inspecciones costosas, fortaleciendo la seguridad jurídica de la empresa.","<p class=""font_8"">✔️ Revisión de contratos, expedientes y documentación laboral.</p>
<p class=""font_8"">✔️ Identificación de riesgos y áreas de incumplimiento.</p>
<p class=""font_8"">✔️ Evaluación de procesos internos de Recursos Humanos.</p>
<p class=""font_8"">✔️ Diagnóstico de cumplimiento laboral y normativo.</p>
<p class=""font_8"">✔️ Plan de acción con recomendaciones correctivas y preventivas.</p>","Metodología preventiva orientada a identificar y corregir riesgos laborales antes de que generen consecuencias legales.","<p class=""font_8""><strong>Diagnóstico Inicial</strong></p>
<p class=""font_8""><br></p>
<p class=""font_8"">Analizamos la situación actual de la empresa y la documentación relacionada con la gestión laboral.</p>","<p class=""font_8""><strong>Revisión y Evaluación</strong></p>
<p class=""font_8""><br></p>
<p class=""font_8"">Auditamos contratos, expedientes, políticas, procesos y obligaciones laborales aplicables.</p>","<p class=""font_8""><strong>Identificación de Riesgos</strong></p>
<p class=""font_8""><br></p>
<p class=""font_8"">Detectamos incumplimientos, vulnerabilidades y oportunidades de mejora.</p>","<p class=""font_8""><strong>Plan de Acción</strong></p>
<p class=""font_8""><br></p>
<p class=""font_8"">Entregamos un informe con hallazgos, prioridades y recomendaciones para fortalecer el cumplimiento laboral.</p>","https://wa.me/525537408757?text=SWS-Hola%20quisiera%20m%C3%A1s%20informaci%C3%B3n%20de%20su%20servicio%20Auditor%C3%ADa%20preventiva%20laboral",,,"wix:image://v1/45119e_1ebb6984806145bb8bd397f3c8d95cfa~mv2.jpg/Auditor%C3%ADa%20preventiva%20laboral.jpg#originWidth=1500&originHeight=1000","SI","aa8e076b-8973-4e53-b07d-c2d6a36c7046",2026-06-09T05:14:56Z,2026-06-09T23:27:27Z,"45119e62-fb47-42df-8e3f-62a36597ee45"
,,"Elaboración de actas administrativas","Contratos y Prevención Laboral","Documenta incidencias laborales de forma correcta y fortalece la capacidad de respuesta de tu empresa ante futuros conflictos.","Las actas administrativas son una herramienta fundamental para documentar hechos relevantes dentro de la relación laboral. En Despacho Laboral Solórzano Cerezo elaboramos actas correctamente estructuradas para respaldar procesos disciplinarios, incidencias y decisiones laborales.","Muchas empresas enfrentan problemas porque las incidencias laborales nunca fueron documentadas correctamente. Un acta administrativa bien elaborada permite dejar evidencia de hechos, incumplimientos o conductas relevantes, fortaleciendo la posición de la empresa ante una posible demanda laboral.","<p class=""font_8"">✔️ Elaboración de actas administrativas conforme a la legislación laboral.</p>
<p class=""font_8"">✔️ Documentación de incidencias, faltas o incumplimientos laborales.</p>
<p class=""font_8"">✔️ Asesoría sobre testigos y evidencia documental.</p>
<p class=""font_8"">✔️ Revisión de requisitos formales para fortalecer su validez.</p>
<p class=""font_8"">✔️ Recomendaciones para integración al expediente laboral.</p>","Metodología preventiva orientada a generar evidencia laboral sólida y documentada.","<p class=""font_8""><strong>Análisis de la Incidencia</strong></p>
<p class=""font_8""><br></p>
<p class=""font_8"">Revisamos los hechos, antecedentes y documentación relacionada con el caso.</p>","<p class=""font_8""><strong>Estructuración Jurídica</strong></p>
<p class=""font_8""><br></p>
<p class=""font_8"">Redactamos el acta administrativa incorporando los elementos necesarios para respaldar los hechos documentados.</p>","<p class=""font_8""><strong>Formalización</strong></p>
<p class=""font_8""><br></p>
<p class=""font_8"">Asesoramos sobre la participación de testigos, firmas y recopilación de evidencia complementaria.</p>","<p class=""font_8""><strong>Integración y Seguimiento</strong></p>
<p class=""font_8""><br></p>
<p class=""font_8"">Brindamos recomendaciones para incorporar correctamente el acta al expediente laboral y fortalecer futuras acciones laborales.</p>","https://wa.me/525537408757?text=SWS-Hola%20quisiera%20m%C3%A1s%20informaci%C3%B3n%20de%20su%20servicio%20Elaboraci%C3%B3n%20de%20actas%20administrativas",,,"wix:image://v1/45119e_4c5cd15c38664f9f98064b6d4796bc36~mv2.jpg/Elaboraci%C3%B3n%20de%20actas%20administrativas.jpg#originWidth=1500&originHeight=1001",,"af6949e3-35be-4d4d-a7e9-0f621fd689a5",2026-06-09T05:14:56Z,2026-06-09T23:18:41Z,"45119e62-fb47-42df-8e3f-62a36597ee45"
"Políticas internas laborales",,"Políticas internas laborales","Contratos y Prevención Laboral","Establece reglas claras para tu equipo y fortalece el cumplimiento laboral dentro de tu empresa.","Las políticas internas laborales ayudan a regular conductas, procesos y lineamientos dentro de la organización. En Despacho Laboral Solórzano Cerezo desarrollamos políticas personalizadas que fortalecen la operación, reducen riesgos y promueven el cumplimiento normativo.","La falta de políticas internas genera criterios inconsistentes, conflictos laborales y dificultades para aplicar medidas disciplinarias. Contar con lineamientos claros permite estandarizar procesos, fortalecer la cultura organizacional y brindar mayor certeza jurídica ante cualquier controversia laboral.","<p class=""font_8"">✔️ Elaboración de políticas laborales adaptadas a tu empresa.</p>
<p class=""font_8"">✔️ Políticas de asistencia, puntualidad y conducta laboral.</p>
<p class=""font_8"">✔️ Políticas de uso de herramientas, equipos y recursos empresariales.</p>
<p class=""font_8"">✔️ Lineamientos de confidencialidad y protección de información.</p>
<p class=""font_8"">✔️ Revisión de cumplimiento conforme a la legislación laboral vigente.</p>","Metodología preventiva enfocada en fortalecer la operación y el cumplimiento interno.","<p class=""font_8""><strong>Diagnóstico Organizacional</strong></p>
<p class=""font_8""><br></p>
<p class=""font_8"">Analizamos la operación, estructura y necesidades específicas de la empresa.</p>","<p class=""font_8""><strong>Diseño de Políticas</strong></p>
<p class=""font_8""><br></p>
<p class=""font_8"">Desarrollamos políticas alineadas con los objetivos del negocio y la normativa laboral aplicable.</p>","<p class=""font_8""><strong>Validación e Implementación</strong></p>
<p class=""font_8""><br></p>
<p class=""font_8"">Revisamos los documentos con la dirección y brindamos recomendaciones para su correcta comunicación.</p>
<h2 class=""font_2""><br></h2>","<p class=""font_8""><strong>Actualización Continua</strong></p>
<p class=""font_8""><br></p>
<p class=""font_8"">Proponemos mejoras y ajustes conforme evolucionan las necesidades operativas y regulatorias de la organización.</p>","https://wa.me/525537408757?text=SWS-Hola%20quisiera%20m%C3%A1s%20informaci%C3%B3n%20de%20su%20servicio%20Pol%C3%ADticas%20internas%20laborales",,,"wix:image://v1/45119e_e65b0e9edfe54053a498856a369a697f~mv2.jpg/Pol%C3%ADticas%20internas%20laborales.jpg#originWidth=1500&originHeight=1001","SI","b1d5d123-03da-42fa-a8bc-76cd6984f918",2026-06-09T05:14:56Z,2026-06-09T23:19:33Z,"45119e62-fb47-42df-8e3f-62a36597ee45"
"Actualización y revisión de contratos laborales",,"Actualización y revisión de contratos laborales","Contratos y Prevención Laboral","Mantén tus contratos laborales actualizados y alineados con la legislación vigente para reducir riesgos legales.","Los cambios legales, operativos y organizacionales pueden volver obsoletos tus contratos laborales. En Despacho Laboral Solórzano Cerezo revisamos y actualizamos tus contratos para fortalecer la protección jurídica de tu empresa y mantener el cumplimiento laboral.","Utilizar contratos desactualizados puede generar incumplimientos, conflictos laborales y riesgos ante una demanda o inspección. Una revisión periódica permite adaptar los documentos a reformas legales, cambios operativos y nuevas necesidades de la empresa, fortaleciendo la seguridad jurídica patronal.","<p class=""font_8"">✔️ Revisión integral de contratos laborales existentes.</p>
<p class=""font_8"">✔️ Identificación de riesgos y cláusulas obsoletas.</p>
<p class=""font_8"">✔️ Actualización conforme a la Ley Federal del Trabajo vigente.</p>
<p class=""font_8"">✔️ Incorporación de nuevas condiciones y políticas internas.</p>
<p class=""font_8"">✔️ Recomendaciones para fortalecer la protección jurídica empresarial.</p>","Metodología preventiva orientada a mantener la documentación laboral actualizada y protegida.","<p class=""font_8""><strong>Diagnóstico Contractual</strong></p>
<p class=""font_8""><br></p>
<p class=""font_8"">Analizamos los contratos actuales para identificar riesgos, omisiones o incumplimientos normativos.</p>","<p class=""font_8""><strong>Revisión Jurídica</strong></p>
<p class=""font_8""><br></p>
<p class=""font_8"">Evaluamos el contenido contractual conforme a la legislación laboral vigente y mejores prácticas empresariales.</p>","<p class=""font_8""><strong>Actualización Estratégica</strong></p>
<p class=""font_8""><br></p>
<p class=""font_8"">Realizamos los ajustes necesarios para fortalecer la protección legal y operativa de la empresa.</p>","<p class=""font_8""><strong>Implementación y Seguimiento</strong></p>
<p class=""font_8""><br></p>
<p class=""font_8"">Entregamos los documentos actualizados y brindamos recomendaciones para futuras revisiones y actualizaciones.</p>","https://wa.me/525537408757?text=SWS-Hola%20quisiera%20m%C3%A1s%20informaci%C3%B3n%20de%20su%20servicio%20Actualizaci%C3%B3n%20y%20revisi%C3%B3n%20de%20contratos%20laborales",,,"wix:image://v1/45119e_6fad8ec5b0e84e6c8dccd46ce8da3d48~mv2.jpg/Actualizaci%C3%B3n%20y%20revisi%C3%B3n%20de%20contratos%20laborales.jpg#originWidth=1500&originHeight=1001","SI","b2a71ab0-9b9f-43f4-a13b-6ab54670b020",2026-06-09T05:14:56Z,2026-06-09T23:16:28Z,"45119e62-fb47-42df-8e3f-62a36597ee45"
"Asesoría en bajas laborales y desvinculaciones",,"Asesoría en bajas laborales y desvinculaciones","Contratos y Prevención Laboral","Gestiona bajas laborales de forma estratégica, documentada y con menor riesgo para tu empresa.","Las bajas laborales y desvinculaciones requieren una ejecución adecuada para reducir riesgos legales y proteger los intereses de la empresa. En Despacho Laboral Solórzano Cerezo brindamos asesoría especializada para planificar, documentar y ejecutar correctamente estos procesos.","Una baja laboral mal gestionada puede derivar en demandas, conflictos o costos innecesarios. Contar con asesoría especializada permite documentar correctamente el proceso, reducir riesgos de contingencia y fortalecer la posición de la empresa ante cualquier reclamación futura.","<p class=""font_8"">✔️ Asesoría estratégica para procesos de desvinculación laboral.</p>
<p class=""font_8"">✔️ Revisión de documentación y antecedentes del trabajador.</p>
<p class=""font_8"">✔️ Elaboración de convenios, finiquitos y documentos relacionados.</p>
<p class=""font_8"">✔️ Acompañamiento en negociaciones y procesos de salida.</p>
<p class=""font_8"">✔️ Recomendaciones para reducir riesgos laborales y legales.</p>","Metodología preventiva enfocada en ejecutar desvinculaciones laborales de forma segura y documentada.","<p class=""font_8""><strong>Análisis del Caso</strong></p>
<p class=""font_8""><br></p>
<p class=""font_8"">Revisamos antecedentes, documentación y condiciones específicas de la relación laboral.</p>","<p class=""font_8""><strong>Diseño de Estrategia</strong></p>
<p class=""font_8""><br></p>
<p class=""font_8"">Definimos la ruta legal y documental más adecuada para el proceso de desvinculación.</p>","<p class=""font_8""><strong>Implementación y Acompañamiento</strong></p>
<p class=""font_8""><br></p>
<p class=""font_8"">Brindamos apoyo durante la comunicación, negociación y formalización de la baja laboral.</p>","<p class=""font_8""><strong>Cierre y Resguardo</strong></p>
<p class=""font_8""><br></p>
<p class=""font_8"">Verificamos la correcta integración documental y proporcionamos recomendaciones para futuras contingencias.</p>","https://wa.me/525537408757?text=SWS-Hola%20quisiera%20m%C3%A1s%20informaci%C3%B3n%20de%20su%20servicio%20Asesor%C3%ADa%20en%20bajas%20laborales%20y%20desvinculaciones",,,"wix:image://v1/45119e_0f3f420ff03147389843b94377432072~mv2.jpg/Asesor%C3%ADa%20en%20bajas%20laborales%20y%20desvinculaciones.jpg#originWidth=1500&originHeight=1000","SI","b8448661-e244-4182-9801-0d5706a7f1d5",2026-06-09T05:14:56Z,2026-06-09T23:31:08Z,"45119e62-fb47-42df-8e3f-62a36597ee45"
,,"Elaboración y registro de Reglamentos Interiores de Trabajo (RIT)","Contratos y Prevención Laboral","Establece reglas claras, fortalece la disciplina interna y protege legalmente a tu empresa con un RIT registrado.","Un Reglamento Interior de Trabajo (RIT) correctamente elaborado y registrado permite establecer normas internas claras para trabajadores y empleadores. En Despacho Laboral Solórzano Cerezo diseñamos y gestionamos el registro de tu RIT ante las autoridades competentes para fortalecer el cumplimiento laboral.","Sin un Reglamento Interior de Trabajo registrado, muchas medidas disciplinarias pueden perder validez jurídica. Un RIT fortalece la operación diaria, brinda certeza a trabajadores y empleadores, facilita la gestión de Recursos Humanos y ayuda a reducir riesgos durante conflictos laborales o inspecciones de autoridad.","<p class=""font_8"">✔️ Elaboración personalizada del Reglamento Interior de Trabajo.</p>
<p class=""font_8"">✔️ Integración de políticas, sanciones y lineamientos internos.</p>
<p class=""font_8"">✔️ Asesoría para la integración de la Comisión Mixta correspondiente.</p>
<p class=""font_8"">✔️ Gestión y acompañamiento en el proceso de registro.</p>
<p class=""font_8"">✔️ Revisión de cumplimiento conforme a la Ley Federal del Trabajo.</p>","Metodología preventiva enfocada en fortalecer la disciplina laboral y el cumplimiento normativo.","<p class=""font_8""><strong>Diagnóstico Operativo</strong></p>
<p class=""font_8""><br></p>
<p class=""font_8"">Analizamos la estructura de la empresa, puestos y procesos para identificar las reglas internas necesarias.</p>","<p class=""font_8""><strong>Redacción Estratégica</strong></p>
<p class=""font_8""><br></p>
<p class=""font_8"">Elaboramos un Reglamento Interior de Trabajo personalizado conforme a las necesidades de la organización.</p>","<p class=""font_8""><strong>Integración y Registro</strong></p>
<p class=""font_8""><br></p>
<p class=""font_8"">Te acompañamos en la conformación de la comisión correspondiente y gestionamos el proceso de registro.</p>","<p class=""font_8""><strong>Implementación y Seguimiento</strong></p>
<p class=""font_8""><br></p>
<p class=""font_8"">Brindamos recomendaciones para la correcta aplicación del reglamento y futuras actualizaciones.</p>","https://wa.me/525537408757?text=SWS-Hola%20quisiera%20m%C3%A1s%20informaci%C3%B3n%20de%20su%20servicio%20Elaboraci%C3%B3n%20y%20registro%20de%20Reglamentos%20Interiores%20de%20Trabajo%20(RIT)",,,"wix:image://v1/45119e_4a0ab15ea3c64ce485648ccb9f645956~mv2.jpg/Elaboraci%C3%B3n%20y%20registro%20de%20Reglamentos%20Interiores%20de%20Trabajo%20(RIT).jpg#originWidth=1500&originHeight=1000",,"ba7ac018-7a79-4a4a-83fd-3384b0d096c2",2026-06-09T05:14:56Z,2026-06-09T23:18:04Z,"45119e62-fb47-42df-8e3f-62a36597ee45"
"Documentación de incidencias laborales",,"Documentación de incidencias laborales","Contratos y Prevención Laboral","Genera evidencia laboral oportuna y fortalece la protección jurídica de tu empresa ante cualquier conflicto.","La documentación de incidencias laborales permite registrar de manera formal situaciones relevantes dentro de la relación de trabajo. En Despacho Laboral Solórzano Cerezo te ayudamos a documentar hechos, incumplimientos, conductas y eventos laborales para fortalecer la evidencia y prevenir contingencias futuras.","Muchas empresas enfrentan dificultades para defender sus decisiones porque nunca documentaron los hechos que las originaron. Registrar oportunamente incidencias laborales permite generar evidencia, respaldar acciones disciplinarias y fortalecer la posición de la empresa ante demandas, inspecciones o conflictos laborales.","<p class=""font_8"">✔️ Documentación de incidencias laborales relevantes.</p>
<p class=""font_8"">✔️ Elaboración de actas, reportes y evidencia documental.</p>
<p class=""font_8"">✔️ Asesoría sobre recopilación de pruebas y testigos.</p>
<p class=""font_8"">✔️ Integración de documentación al expediente laboral.</p>
<p class=""font_8"">✔️ Recomendaciones para fortalecer la trazabilidad de los hechos.</p>","Metodología preventiva orientada a generar evidencia laboral sólida y documentada.","<p class=""font_8""><strong>Análisis de la Incidencia</strong></p>
<p class=""font_8""><br></p>
<p class=""font_8"">Revisamos los hechos, antecedentes y elementos relacionados con el caso.</p>","<p class=""font_8""><strong>Documentación Estratégica</strong></p>
<p class=""font_8""><br></p>
<p class=""font_8"">Elaboramos los documentos necesarios para dejar constancia formal de la incidencia.</p>","<p class=""font_8""><strong>Validación de Evidencia</strong></p>
<p class=""font_8""><br></p>
<p class=""font_8"">Asesoramos sobre la recopilación de soportes, pruebas y elementos complementarios.</p>","<p class=""font_8""><strong>Integración y Seguimiento</strong></p>
<p class=""font_8""><br></p>
<p class=""font_8"">Brindamos recomendaciones para incorporar correctamente la documentación al expediente laboral y fortalecer futuras actuaciones.</p>","https://wa.me/525537408757?text=SWS-Hola%20quisiera%20m%C3%A1s%20informaci%C3%B3n%20de%20su%20servicio%20Documentaci%C3%B3n%20de%20incidencias%20laborales",,,"wix:image://v1/45119e_3d106a6008564618baeec33d96edcc68~mv2.jpg/Documentaci%C3%B3n%20de%20incidencias%20laborales.jpg#originWidth=1500&originHeight=1000","SI","bbc096e2-6920-4587-b749-b0280839af7d",2026-06-09T05:14:56Z,2026-06-09T23:42:08Z,"45119e62-fb47-42df-8e3f-62a36597ee45"
"Integración y revisión de Comisión Mixta de PTU",,"Integración y revisión de Comisión Mixta de PTU","Inspecciones y Cumplimiento Laboral",,,,,,,,,,,,,,"SI","bd8c0941-998a-46a5-82a7-0448670bce69",2026-06-09T05:14:56Z,2026-06-10T18:53:11Z,"45119e62-fb47-42df-8e3f-62a36597ee45"
"Contratos por capacitación inicial",,"Contratos por capacitación inicial","Contratos y Prevención Laboral","Capacita y evalúa nuevos colaboradores bajo un esquema legal que protege a tu empresa desde el inicio.","Los contratos por capacitación inicial permiten formar y evaluar a nuevos trabajadores antes de consolidar una relación laboral definitiva. En Despacho Laboral Solórzano Cerezo te ayudamos a implementarlos correctamente conforme a la Ley Federal del Trabajo.","Muchas empresas desconocen que la capacitación inicial tiene requisitos legales específicos. Aplicarla incorrectamente puede generar contingencias laborales o la conversión automática a una relación laboral por tiempo indeterminado. Un contrato bien estructurado brinda certeza jurídica y protege tu proceso de contratación.","<p class=""font_8"">✔️ Elaboración de contratos por capacitación inicial conforme a la LFT.</p>
<p class=""font_8"">✔️ Definición de objetivos, funciones y programa de capacitación.</p>
<p class=""font_8"">✔️ Redacción de cláusulas específicas para la capacitación inicial.</p>
<p class=""font_8"">✔️ Asesoría sobre plazos, requisitos y limitaciones legales.</p>
<p class=""font_8"">✔️ Revisión preventiva para evitar riesgos y contingencias laborales.</p>","Metodología preventiva orientada a proteger la relación laboral desde el primer día.","<p class=""font_8""><strong>Análisis de la Vacante</strong></p>
<p class=""font_8""><br></p>
<p class=""font_8"">Evaluamos el puesto y las competencias que deberán desarrollarse durante el proceso de capacitación.</p>","<p class=""font_8""><strong>Diseño Contractual</strong></p>
<p class=""font_8""><br></p>
<p class=""font_8"">Elaboramos el contrato incorporando los elementos legales necesarios para una capacitación inicial válida.</p>","<p class=""font_8""><strong>Implementación y Capacitación</strong></p>
<p class=""font_8""><br></p>
<p class=""font_8"">Te orientamos sobre la correcta ejecución del programa y la documentación de avances y resultados.</p>","<p class=""font_8""><strong>Evaluación y Formalización</strong></p>
<p class=""font_8""><br></p>
<p class=""font_8"">Asesoramos la continuidad de la relación laboral o la conclusión del proceso conforme al desempeño observado y la legislación vigente.</p>","https://wa.me/525537408757?text=SWS-Hola%20quisiera%20m%C3%A1s%20informaci%C3%B3n%20de%20su%20servicio%20Contratos%20por%20capacitaci%C3%B3n%20inicial",,,"wix:image://v1/45119e_8c3141c325784bb495f1efb9ab443f95~mv2.jpg/Contratos%20por%20capacitaci%C3%B3n%20inicial.jpg#originWidth=1500&originHeight=1001","SI","c7cc268c-1d92-48e7-a0e1-23e16422ba99",2026-06-09T05:14:56Z,2026-06-09T23:16:10Z,"45119e62-fb47-42df-8e3f-62a36597ee45"
,,"Elaboración de citatorios laborales","Contratos y Prevención Laboral","Formaliza comunicaciones laborales importantes mediante citatorios correctamente elaborados y documentados.","Los citatorios laborales son una herramienta clave para convocar formalmente a trabajadores a reuniones, investigaciones internas, aclaraciones o procedimientos laborales. En Despacho Laboral Solórzano Cerezo elaboramos citatorios que cumplen con los requisitos necesarios para fortalecer la documentación y trazabilidad de los procesos laborales.","Muchas empresas realizan llamados verbales o informales que posteriormente son difíciles de acreditar. Un citatorio laboral correctamente elaborado genera evidencia documental, fortalece la gestión de Recursos Humanos y ayuda a demostrar que la empresa actuó conforme a procedimientos formales y transparentes.","<p class=""font_8"">✔️ Elaboración de citatorios laborales personalizados.</p>
<p class=""font_8"">✔️ Definición del objeto, fecha, hora y lugar de comparecencia.</p>
<p class=""font_8"">✔️ Asesoría sobre notificación y entrega al trabajador.</p>
<p class=""font_8"">✔️ Revisión de cumplimiento documental y formal.</p>
<p class=""font_8"">✔️ Recomendaciones para integración al expediente laboral.</p>","Metodología preventiva enfocada en generar evidencia documental válida para la gestión laboral.","<p class=""font_8""><strong>Análisis del Caso</strong></p>
<p class=""font_8""><br></p>
<p class=""font_8"">Revisamos el motivo del citatorio y los antecedentes relacionados con el procedimiento laboral.</p>","<p class=""font_8""><strong>Redacción Estratégica</strong></p>
<p class=""font_8""><br></p>
<p class=""font_8"">Elaboramos el documento incorporando los elementos necesarios para una convocatoria clara y formal.</p>","<p class=""font_8""><strong>Notificación y Evidencia</strong></p>
<p class=""font_8""><br></p>
<p class=""font_8"">Asesoramos sobre los mecanismos adecuados para acreditar la entrega y recepción del citatorio.</p>","<p class=""font_8""><strong>Seguimiento Documental</strong></p>
<p class=""font_8""><br></p>
<p class=""font_8"">Brindamos recomendaciones para su integración al expediente laboral y futuras actuaciones relacionadas.</p>","https://wa.me/525537408757?text=SWS-Hola%20quisiera%20m%C3%A1s%20informaci%C3%B3n%20de%20su%20servicio%20Elaboraci%C3%B3n%20de%20citatorios%20laborales",,,"wix:image://v1/45119e_7173e999322747759edd7bbe119a9368~mv2.jpg/citatorios%20laborales.jpg#originWidth=1500&originHeight=1000",,"c7e17116-9e81-4a51-aa33-8c048d0ae310",2026-06-09T05:14:56Z,2026-06-09T23:19:09Z,"45119e62-fb47-42df-8e3f-62a36597ee45"
"Mediación laboral preventiva",,"Mediación laboral preventiva","Demandas y Relaciones Laborales","Resuelve conflictos laborales antes de que escalen a demandas, protegiendo la estabilidad y operación de tu empresa.","La mediación laboral preventiva permite abordar conflictos laborales de manera temprana antes de que se conviertan en procedimientos legales. En Despacho Laboral Solórzano Cerezo ayudamos a las empresas a gestionar diferencias laborales mediante estrategias orientadas al diálogo, la documentación y la prevención de contingencias.","Muchos conflictos laborales comienzan como problemas internos mal gestionados que terminan en demandas costosas. Una intervención oportuna permite identificar riesgos, facilitar acuerdos, reducir tensiones y preservar la relación laboral, evitando impactos económicos y operativos para la empresa.","<p class=""font_8"">✔️ Análisis preventivo de conflictos laborales.</p>
<p class=""font_8"">✔️ Evaluación de riesgos legales y operativos.</p>
<p class=""font_8"">✔️ Estrategias de comunicación y resolución temprana.</p>
<p class=""font_8"">✔️ Acompañamiento en reuniones y negociaciones internas.</p>
<p class=""font_8"">✔️ Recomendaciones para documentar acuerdos y prevenir futuras controversias.</p>","Metodología preventiva orientada a resolver conflictos antes de que generen consecuencias legales.","<p class=""font_8""><strong>Identificación del Conflicto</strong></p>
<p class=""font_8""><br></p>
<p class=""font_8"">Analizamos los antecedentes, involucrados y posibles riesgos asociados a la situación laboral.</p>","<p class=""font_8""><strong>Evaluación y Diagnóstico</strong></p>
<p class=""font_8""><br></p>
<p class=""font_8"">Determinamos el impacto potencial del conflicto y las alternativas de solución disponibles.</p>","<p class=""font_8""><strong>Mediación y Acercamiento</strong></p>
<p class=""font_8""><br></p>
<p class=""font_8"">Facilitamos espacios de diálogo y negociación para construir acuerdos sostenibles.</p>","<p class=""font_8""><strong>Formalización y Seguimiento</strong></p>
<p class=""font_8""><br></p>
<p class=""font_8"">Documentamos los acuerdos alcanzados y brindamos recomendaciones para evitar futuros conflictos similares.</p>","https://wa.me/525537408757?text=SWS-Hola%20quisiera%20m%C3%A1s%20informaci%C3%B3n%20de%20su%20servicio%20Mediaci%C3%B3n%20laboral%20preventiva",,,"wix:image://v1/45119e_e9051ef56d354319afd1736173eedf98~mv2.jpg/Mediaci%C3%B3n%20laboral%20preventiva.jpg#originWidth=1500&originHeight=1000","SI","cbfdac05-bf86-4d1e-a5c6-382670d68ac5",2026-06-09T05:14:56Z,2026-06-10T01:20:01Z,"45119e62-fb47-42df-8e3f-62a36597ee45"
"Defensa ante reclamaciones de PTU",,"Defensa ante reclamaciones de PTU","Demandas y Relaciones Laborales","Protege a tu empresa ante reclamaciones de utilidades mediante una estrategia legal y documental sólida.","Las reclamaciones relacionadas con la Participación de los Trabajadores en las Utilidades (PTU) pueden generar riesgos económicos y legales importantes para las empresas. En Despacho Laboral Solórzano Cerezo brindamos asesoría y defensa especializada para atender controversias, revisar cálculos y fortalecer la posición jurídica patronal.","Errores en el cálculo, distribución o documentación de la PTU pueden derivar en reclamaciones individuales o colectivas. Una defensa adecuada permite acreditar el cumplimiento de las obligaciones legales, reducir riesgos económicos y proteger a la empresa ante procedimientos laborales o inspecciones relacionadas con utilidades.","<p class=""font_8"">✔️ Análisis de reclamaciones relacionadas con PTU.</p>
<p class=""font_8"">✔️ Revisión de cálculos, documentación y cumplimiento legal.</p>
<p class=""font_8"">✔️ Estrategia de defensa ante reclamaciones individuales o colectivas.</p>
<p class=""font_8"">✔️ Representación durante procedimientos conciliatorios o laborales.</p>
<p class=""font_8"">✔️ Recomendaciones para fortalecer futuros procesos de reparto de utilidades.</p>","Metodología estratégica orientada a proteger a la empresa ante controversias relacionadas con la PTU.","<p class=""font_8""><strong>Diagnóstico del Caso</strong></p>
<p class=""font_8""><br></p>
<p class=""font_8"">Analizamos la reclamación, antecedentes y documentación relacionada con el reparto de utilidades.</p>","<p class=""font_8""><strong>Evaluación de Cumplimiento</strong></p>
<p class=""font_8""><br></p>
<p class=""font_8"">Revisamos cálculos, expedientes y evidencia para determinar el nivel de riesgo existente.</p>","<p class=""font_8""><strong>Diseño de Estrategia</strong></p>
<p class=""font_8""><br></p>
<p class=""font_8"">Definimos la mejor ruta de defensa y actuación conforme a la situación específica de la empresa.</p>","<p class=""font_8""><strong>Representación y Seguimiento</strong></p>
<p class=""font_8""><br></p>
<p class=""font_8"">Acompañamos a la empresa durante el procedimiento y generamos recomendaciones para prevenir futuras reclamaciones.</p>","https://wa.me/525537408757?text=SWS-Hola%20quisiera%20m%C3%A1s%20informaci%C3%B3n%20de%20su%20servicio%20Defensa%20ante%20reclamaciones%20de%20PTU",,,"wix:image://v1/45119e_79faaf1d48b04b19bd94178d8f65ab29~mv2.jpg/Defensa%20ante%20reclamaciones%20de%20PTU.jpg#originWidth=1500&originHeight=1001","SI","e02391e0-0ecd-44f4-b66e-763542ac2112",2026-06-09T05:14:56Z,2026-06-10T01:09:37Z,"45119e62-fb47-42df-8e3f-62a36597ee45"
"Representación patronal",,"Representación patronal","Demandas y Relaciones Laborales","Defiende los intereses de tu empresa con representación legal especializada en cada etapa del procedimiento laboral.","La representación patronal permite a las empresas actuar con respaldo jurídico frente a conflictos laborales, conciliaciones, demandas e inspecciones. En Despacho Laboral Solórzano Cerezo representamos a nuestros clientes con una estrategia enfocada en la protección de sus intereses y la reducción de riesgos legales.","Actuar sin representación especializada puede generar errores procesales, acuerdos desfavorables o una defensa insuficiente. Contar con asesoría y representación patronal permite tomar decisiones estratégicas, fortalecer la postura de la empresa y proteger su patrimonio ante cualquier procedimiento laboral.","<p class=""font_8"">✔️ Representación de la empresa ante autoridades laborales.</p>
<p class=""font_8"">✔️ Asistencia en audiencias, conciliaciones y procedimientos.</p>
<p class=""font_8"">✔️ Estrategia jurídica y análisis de riesgos laborales.</p>
<p class=""font_8"">✔️ Revisión y fortalecimiento de documentación probatoria.</p>
<p class=""font_8"">✔️ Seguimiento integral del asunto hasta su conclusión.</p>","Metodología estratégica orientada a proteger los intereses de la empresa durante cualquier procedimiento laboral.","<p class=""font_8""><strong>Análisis del Caso</strong></p>
<p class=""font_8""><br></p>
<p class=""font_8"">Evaluamos los antecedentes, documentación y riesgos asociados al asunto laboral.</p>","<p class=""font_8""><strong>Diseño de Estrategia</strong></p>
<p class=""font_8""><br></p>
<p class=""font_8"">Definimos la ruta jurídica más adecuada para proteger la posición de la empresa.</p>","<p class=""font_8""><strong>Representación y Defensa</strong></p>
<p class=""font_8""><br></p>
<p class=""font_8"">Actuamos en nombre de la empresa ante las instancias correspondientes y damos seguimiento a cada actuación.</p>","<p class=""font_8""><strong>Resolución y Prevención</strong></p>
<p class=""font_8""><br></p>
<p class=""font_8"">Buscamos la mejor solución para el caso y generamos recomendaciones para fortalecer la prevención de riesgos futuros.</p>","https://wa.me/525537408757?text=SWS-Hola%20quisiera%20m%C3%A1s%20informaci%C3%B3n%20de%20su%20servicio%20Representaci%C3%B3n%20patronal",,,"wix:image://v1/45119e_2a513cacc9a04d7faf40ccb41cae4f41~mv2.jpg/Representaci%C3%B3n%20patronal.jpg#originWidth=1500&originHeight=1000","SI","e6b10ee3-57b7-4a15-93ea-f7e6702148c7",2026-06-09T05:14:56Z,2026-06-10T00:51:37Z,"45119e62-fb47-42df-8e3f-62a36597ee45"
"Atención de citatorios laborales",,"Atención de citatorios laborales","Demandas y Relaciones Laborales","Atiende citatorios laborales de forma estratégica y protege los intereses de tu empresa desde el primer momento.","Recibir un citatorio laboral puede ser el inicio de un procedimiento que impacte a la empresa si no se atiende correctamente. En Despacho Laboral Solórzano Cerezo brindamos asesoría y acompañamiento para analizar, responder y atender citatorios laborales de manera oportuna y estratégica.","Ignorar o atender incorrectamente un citatorio laboral puede generar riesgos legales, afectar la defensa de la empresa y limitar oportunidades de negociación o conciliación. Una atención adecuada permite evaluar el caso, preparar la documentación necesaria y actuar con mayor seguridad jurídica.","<p class=""font_8"">✔️ Revisión y análisis del citatorio laboral recibido.</p>
<p class=""font_8"">✔️ Evaluación de riesgos y escenarios legales.</p>
<p class=""font_8"">✔️ Estrategia de atención y respuesta.</p>
<p class=""font_8"">✔️ Revisión de documentación y evidencia relacionada.</p>
<p class=""font_8"">✔️ Acompañamiento durante el procedimiento correspondiente.</p>","Metodología estratégica orientada a proteger la posición de la empresa desde el primer requerimiento laboral.","<p class=""font_8""><strong>Análisis del Citatorio</strong></p>
<p class=""font_8""><br></p>
<p class=""font_8"">Revisamos el contenido, alcance y antecedentes relacionados con el requerimiento recibido.</p>","<p class=""font_8""><strong>Evaluación Jurídica</strong></p>
<p class=""font_8""><br></p>
<p class=""font_8"">Identificamos riesgos, oportunidades de defensa y documentación necesaria para atender el asunto.</p>","<p class=""font_8""><strong>Preparación y Atención</strong></p>
<p class=""font_8""><br></p>
<p class=""font_8"">Definimos la estrategia de actuación y acompañamos a la empresa durante el procedimiento.</p>","<p class=""font_8""><strong>Seguimiento y Prevención</strong></p>
<p class=""font_8""><br></p>
<p class=""font_8"">Brindamos recomendaciones para fortalecer la documentación y reducir riesgos futuros.</p>","https://wa.me/525537408757?text=SWS-Hola%20quisiera%20m%C3%A1s%20informaci%C3%B3n%20de%20su%20servicio%20Atenci%C3%B3n%20de%20citatorios%20laborales",,,"wix:image://v1/45119e_a0b6162ae55641baa7d3e55e48f3e075~mv2.jpg/Atenci%C3%B3n%20de%20citatorios%20laborales.jpg#originWidth=1500&originHeight=1000","SI","eec83733-f8be-4b3f-baaa-8bb1de985b82",2026-06-09T05:14:56Z,2026-06-10T00:41:32Z,"45119e62-fb47-42df-8e3f-62a36597ee45"
"Cumplimiento NOM-035",,"Cumplimiento NOM-035","Inspecciones y Cumplimiento Laboral",,,,,,,,,,,,,,"SI","f64f5815-4f96-4949-895b-2996c22981c7",2026-06-09T05:14:56Z,2026-06-10T18:53:11Z,"45119e62-fb47-42df-8e3f-62a36597ee45"
"Implementación de controles y evidencia laboral",,"Implementación de controles y evidencia laboral","Inspecciones y Cumplimiento Laboral",,,,,,,,,,,,,,"SI","f8c595f7-9ecb-40f9-b337-29a2e24ad9ef",2026-06-09T05:14:56Z,2026-06-10T18:53:11Z,"45119e62-fb47-42df-8e3f-62a36597ee45"
"Atención de requerimientos de autoridad",,"Atención de requerimientos de autoridad","Inspecciones y Cumplimiento Laboral","Responde requerimientos de autoridad con respaldo legal y protege a tu empresa frente a posibles sanciones.","Los requerimientos emitidos por autoridades laborales deben atenderse de forma oportuna y estratégica para evitar consecuencias legales. En Despacho Laboral Solórzano Cerezo ayudamos a las empresas a analizar, preparar y responder adecuadamente cualquier solicitud o requerimiento relacionado con el cumplimiento laboral.","Una respuesta incompleta, incorrecta o fuera de plazo puede generar multas, procedimientos administrativos o complicaciones legales adicionales. Contar con asesoría especializada permite atender los requerimientos con mayor certeza jurídica y fortalecer la posición de la empresa frente a la autoridad.","<p class=""font_8"">✔️ Análisis del requerimiento emitido por la autoridad.</p>
<p class=""font_8"">✔️ Revisión de documentación y evidencia relacionada.</p>
<p class=""font_8"">✔️ Elaboración de respuestas y escritos de atención.</p>
<p class=""font_8"">✔️ Integración de información y soporte documental.</p>
<p class=""font_8"">✔️ Seguimiento hasta la conclusión del requerimiento.</p>","Metodología orientada a atender requerimientos de autoridad de forma segura y documentada.","<p class=""font_8""><strong>Análisis del Requerimiento</strong></p>
<p class=""font_8""><br></p>
<p class=""font_8"">Revisamos el contenido, alcance y obligaciones derivadas de la solicitud recibida.</p>","<p class=""font_8""><strong>Diagnóstico Documental</strong></p>
<p class=""font_8""><br></p>
<p class=""font_8"">Evaluamos la documentación disponible y detectamos posibles áreas de riesgo.</p>","<p class=""font_8""><strong>Preparación de Respuesta</strong></p>
<p class=""font_8""><br></p>
<p class=""font_8"">Integramos la información necesaria y elaboramos la estrategia de atención correspondiente.</p>","<p class=""font_8""><strong>Seguimiento y Cierre</strong></p>
<p class=""font_8""><br></p>
<p class=""font_8"">Damos seguimiento al procedimiento y brindamos recomendaciones para fortalecer el cumplimiento futuro.</p>","https://wa.me/525537408757?text=SWS-Hola%20quisiera%20m%C3%A1s%20informaci%C3%B3n%20de%20su%20servicio%20Atenci%C3%B3n%20de%20requerimientos%20de%20autoridad",,,"wix:image://v1/45119e_f425c06f287c4e7083e337d9ff72aa56~mv2.jpg/Atenci%C3%B3n%20de%20requerimientos%20de%20autoridad.jpg#originWidth=1500&originHeight=1001","SI","fbc2a972-dca7-4615-b67d-7d71ea3cea5a",2026-06-09T05:14:56Z,2026-06-10T18:48:20Z,"45119e62-fb47-42df-8e3f-62a36597ee45"
"Estrategia y acompañamiento en bajas laborales",,"Estrategia y acompañamiento en bajas laborales","Demandas y Relaciones Laborales","Planifica y ejecuta bajas laborales con respaldo legal, reduciendo riesgos y protegiendo la estabilidad de tu empresa.","Las bajas laborales requieren estrategia, documentación y una correcta ejecución para minimizar riesgos legales. En Despacho Laboral Solórzano Cerezo brindamos acompañamiento especializado durante todo el proceso para ayudar a las empresas a tomar decisiones seguras y documentadas.","Muchas demandas laborales se originan por errores cometidos durante una desvinculación. Una estrategia adecuada permite preparar la documentación necesaria, evaluar riesgos, definir la mejor ruta de actuación y ejecutar el proceso de forma ordenada, reduciendo contingencias para la empresa.","<p class=""font_8"">✔️ Análisis previo del caso y evaluación de riesgos.</p>
<p class=""font_8"">✔️ Estrategia legal para la desvinculación laboral.</p>
<p class=""font_8"">✔️ Revisión de expedientes y documentación soporte.</p>
<p class=""font_8"">✔️ Acompañamiento durante reuniones y negociaciones.</p>
<p class=""font_8"">✔️ Recomendaciones para formalización y cierre documental.</p>","Metodología preventiva orientada a ejecutar bajas laborales con seguridad jurídica.","<p class=""font_8""><strong>Evaluación del Caso</strong></p>
<p class=""font_8""><br></p>
<p class=""font_8"">Analizamos antecedentes, documentación y circunstancias específicas de la relación laboral.</p>","<p class=""font_8""><strong>Diseño de Estrategia</strong></p>
<p class=""font_8""><br></p>
<p class=""font_8"">Definimos la ruta legal y operativa más adecuada para minimizar riesgos.</p>","<p class=""font_8""><strong>Acompañamiento en la Ejecución</strong></p>
<p class=""font_8""><br></p>
<p class=""font_8"">Brindamos apoyo durante reuniones, negociaciones y formalización de la desvinculación.</p>","<p class=""font_8""><strong>Cierre y Prevención</strong></p>
<p class=""font_8""><br></p>
<p class=""font_8"">Verificamos la correcta integración documental y generamos recomendaciones para futuras actuaciones.</p>","https://wa.me/525537408757?text=SWS-Hola%20quisiera%20m%C3%A1s%20informaci%C3%B3n%20de%20su%20servicio%20Estrategia%20y%20acompa%C3%B1amiento%20en%20bajas%20laborales",,,"wix:image://v1/45119e_85e5b45c5a7a44628ee2fe4e0717b324~mv2.jpg/Estrategia%20y%20acompa%C3%B1amiento%20en%20bajas%20laborales.jpg#originWidth=1500&originHeight=1000","SI","fc752f6d-5a70-4010-a40f-eb93aa6b90f5",2026-06-09T05:14:56Z,2026-06-10T00:30:22Z,"45119e62-fb47-42df-8e3f-62a36597ee45"
"Revisión documental laboral",,"Revisión documental laboral","Inspecciones y Cumplimiento Laboral","Verifica que tu documentación laboral cumpla con la ley y fortalece la protección jurídica de tu empresa.","La revisión documental laboral permite identificar errores, omisiones y riesgos dentro de la documentación que respalda la relación laboral. En Despacho Laboral Solórzano Cerezo analizamos contratos, expedientes y documentos clave para ayudarte a fortalecer el cumplimiento y reducir contingencias.","Documentos incompletos, desactualizados o incorrectamente elaborados pueden convertirse en un problema durante una demanda, inspección o auditoría. Una revisión preventiva permite detectar riesgos a tiempo, corregir deficiencias y fortalecer la evidencia documental de la empresa.",,,,,,,,,,,"SI","feffa1c3-8133-4504-8f7a-fc8a927e9d84",2026-06-09T05:14:56Z,2026-06-10T18:53:11Z,"45119e62-fb47-42df-8e3f-62a36597ee45"
"Verificación de expedientes y contratos",,"Verificación de expedientes y contratos","Inspecciones y Cumplimiento Laboral",,,,,,,,,,,,,,"SI","ff8c6451-85c8-4a66-b9b8-016e315a3f0b",2026-06-09T05:14:56Z,2026-06-10T18:53:11Z,"45119e62-fb47-42df-8e3f-62a36597ee45"
"Cumplimiento REPSE",,"Cumplimiento REPSE","Inspecciones y Cumplimiento Laboral","Cumple con las obligaciones del REPSE y reduce riesgos de sanciones, cancelaciones o contingencias laborales.","El Registro de Prestadoras de Servicios Especializados u Obras Especializadas (REPSE) exige a las empresas cumplir con obligaciones laborales, fiscales y de seguridad social específicas. En Despacho Laboral Solórzano Cerezo te ayudamos a mantener tu operación alineada con los requisitos del REPSE y a fortalecer tu cumplimiento documental.","El incumplimiento de las obligaciones relacionadas con REPSE puede generar multas, cancelación del registro, imposibilidad de prestar servicios especializados y riesgos fiscales importantes. Una estrategia preventiva permite mantener la documentación en orden y reducir contingencias ante auditorías o inspecciones.","<p class=""font_8"">✔️ Diagnóstico de cumplimiento REPSE.</p>
<p class=""font_8"">✔️ Revisión de contratos y documentación obligatoria.</p>
<p class=""font_8"">✔️ Verificación de obligaciones laborales y de seguridad social.</p>
<p class=""font_8"">✔️ Asesoría para cumplimiento de reportes y obligaciones periódicas.</p>
<p class=""font_8"">✔️ Plan de acción para corregir riesgos y observaciones detectadas.</p>","Metodología preventiva orientada a fortalecer el cumplimiento y permanencia dentro del REPSE.","<p class=""font_8""><strong>Diagnóstico Inicial</strong></p>
<p class=""font_8""><br></p>
<p class=""font_8"">Analizamos la situación actual de la empresa y las obligaciones aplicables en materia de servicios especializados.</p>","<p class=""font_8""><strong>Revisión de Cumplimiento</strong></p>
<p class=""font_8""><br></p>
<p class=""font_8"">Evaluamos contratos, documentación laboral, obligaciones de seguridad social y requisitos regulatorios.</p>","<p class=""font_8""><strong>Identificación de Riesgos</strong></p>
<p class=""font_8""><br></p>
<p class=""font_8"">Detectamos áreas vulnerables que podrían afectar la permanencia o cumplimiento del REPSE.</p>","<p class=""font_8""><strong>Implementación y Seguimiento</strong></p>
<p class=""font_8""><br></p>
<p class=""font_8"">Brindamos recomendaciones y acompañamiento para fortalecer el cumplimiento continuo de la empresa.</p>","https://wa.me/525537408757?text=SWS-Hola%20quisiera%20m%C3%A1s%20informaci%C3%B3n%20de%20su%20servicio%20Cumplimiento%20REPSE",,,,"SI","ffdd1a65-2940-473d-9c47-3ee2fb4b2fb2",2026-06-09T05:14:56Z,2026-06-10T18:50:46Z,"45119e62-fb47-42df-8e3f-62a36597ee45"
